,Grouping,name,score,binary-artifacts,branch-protection,ci-tests,cii-best-practices,code-review,contributors,dangerous-workflow,dependency-update-tool,fuzzing,license,maintained,packaging,pinned-dependencies,sast,security-policy,signed-releases,token-permissions,vulnerabilities
0,Apache,github.com/apache/royale-asjs,5.6,10,0,-1,0,0,10,10,0,0,10,10,-1,10,0,10,0,10,10
1,Apache,github.com/apache/royale-asjs,5.6,10,0,-1,0,0,10,10,0,0,10,10,-1,10,0,10,0,10,10
2,Apache,github.com/apache/commons-imaging,7.6,10,0,10,0,3,10,10,10,0,10,10,-1,7,10,10,-1,9,10
3,Apache,github.com/apache/mahout,4.1,10,0,0,0,2,10,10,0,0,10,0,-1,2,0,10,-1,0,10
4,Apache,github.com/apache/couchdb-meck,4.3,10,0,-1,0,0,10,10,0,0,10,0,-1,7,0,10,-1,0,10
5,Apache,github.com/apache/james-jsieve,5.6,10,0,1,0,5,10,10,0,0,10,0,-1,10,0,10,-1,10,10
6,Apache,github.com/apache/activemq-activeio,5.3,10,0,-1,0,0,10,10,0,0,10,0,-1,10,0,10,-1,10,10
7,Apache,github.com/apache/tuscany-das,5.3,10,0,-1,0,0,10,10,0,0,10,0,-1,10,0,10,-1,10,10
8,Apache,github.com/apache/bval,6.3,10,3,0,0,3,10,10,0,0,10,8,-1,10,0,10,-1,10,10
9,Apache,github.com/apache/commons-net,6.9,10,3,10,0,2,10,10,10,0,10,10,-1,7,9,10,-1,0,10
10,Apache,github.com/apache/couchdb-ibrowse,5.3,10,0,-1,0,0,10,10,0,0,10,0,-1,10,0,10,-1,10,10
11,Apache,github.com/apache/cloudstack-docs-admin,5.7,9,3,0,0,5,10,10,0,0,10,0,-1,10,0,10,-1,10,10
12,Apache,github.com/apache/oodt,5.5,10,3,0,0,3,10,10,0,0,10,0,-1,7,0,10,-1,10,10
13,Apache,github.com/apache/bookkeeper,5.9,10,3,9,0,10,10,10,0,0,10,10,-1,0,0,10,-1,0,10
14,Apache,github.com/apache/tez,6.5,10,0,10,0,9,10,10,0,0,10,10,-1,2,0,10,-1,10,10
15,Apache,github.com/apache/zetacomponents,5.1,10,0,-1,0,0,3,10,0,0,10,0,-1,10,0,10,-1,10,10
16,Apache,github.com/apache/ant-easyant-plugins,5.2,10,0,-1,0,0,6,10,0,0,10,0,-1,10,0,10,-1,10,10
17,Apache,github.com/apache/maven-enforcer,6.8,10,3,10,0,4,10,10,10,0,10,10,-1,10,0,10,-1,0,10
18,Apache,github.com/apache/roller,5.5,6,0,10,0,7,10,10,0,0,10,4,-1,7,10,10,-1,0,10
19,Apache,github.com/apache/maven-release,6.3,10,3,10,0,3,10,10,10,0,0,10,-1,8,0,10,-1,0,10
20,Apache,github.com/apache/geronimo-schema-14,5.0,10,0,-1,0,0,0,10,0,0,10,0,-1,10,0,10,-1,10,10
21,Apache,github.com/apache/openwebbeans,6.3,10,3,-1,0,0,10,10,0,0,10,9,-1,10,0,10,-1,10,10
22,Apache,github.com/apache/geronimo,4.4,0,0,-1,0,0,10,10,0,0,10,0,-1,10,0,10,-1,10,10
23,Apache,github.com/apache/maven-doxia-sitetools,6.2,10,3,10,0,1,10,10,10,0,0,10,-1,8,0,10,-1,0,10
24,Apache,github.com/apache/activemq-protobuf,5.3,10,0,-1,0,0,10,10,0,0,10,0,-1,10,0,10,-1,10,10
25,Apache,github.com/apache/isis,6.2,7,0,10,0,3,10,10,10,0,10,10,-1,9,0,10,-1,0,10
26,Apache,github.com/apache/pinot,6.6,10,1,10,0,10,10,10,10,0,10,10,-1,0,1,10,-1,0,10
27,Apache,github.com/apache/airavata-sandbox,5.0,0,0,0,0,7,10,10,0,0,10,3,-1,7,0,10,-1,10,10
28,Apache,github.com/apache/cassandra,5.9,10,0,-1,0,0,10,10,0,0,10,10,-1,7,0,10,-1,10,10
29,Apache,github.com/apache/servicemix4-features,5.3,10,0,-1,0,0,10,10,0,0,10,0,-1,10,0,10,-1,10,10
30,Apache,github.com/apache/wink,5.3,10,0,-1,0,0,10,10,0,0,10,0,-1,10,0,10,-1,10,10
31,Apache,github.com/apache/cordova-plugin-test-framework,4.7,10,0,3,0,4,10,10,0,0,10,0,-1,9,0,10,-1,0,10
32,Apache,github.com/apache/npanday-its,4.4,0,0,-1,0,0,10,10,0,0,10,0,-1,10,0,10,-1,10,10
33,Apache,github.com/apache/karaf-site,5.2,10,0,0,0,2,10,10,0,0,0,2,-1,10,0,10,-1,10,10
34,Apache,github.com/apache/cxf-xjc-utils,5.6,10,0,0,0,3,10,10,0,0,0,6,-1,10,0,10,-1,10,10
35,Apache,github.com/apache/olingo-odata4,5.5,10,0,0,0,1,10,10,0,0,10,0,-1,9,7,10,-1,9,10
36,Apache,github.com/apache/pig,4.6,4,0,-1,0,0,10,10,0,0,10,0,-1,7,0,10,-1,10,10
37,Apache,github.com/apache/directory-samples,5.4,10,3,-1,0,0,6,10,0,0,10,0,-1,10,0,10,-1,10,10
38,Apache,github.com/apache/cordova-plugman,4.8,10,0,0,0,8,10,10,0,0,10,0,-1,7,0,10,-1,0,10
39,Apache,github.com/apache/ant-easyant-skeletons,5.0,10,0,-1,0,0,0,10,0,0,10,0,-1,10,0,10,-1,10,10
40,Apache,github.com/apache/aries,5.2,0,3,10,0,5,10,10,10,0,10,0,-1,9,0,10,-1,0,10
41,Apache,github.com/apache/sandesha,5.3,10,0,-1,0,0,10,10,0,0,10,0,-1,10,0,10,-1,10,10
42,Apache,github.com/apache/harmony-drlvm,5.3,10,0,-1,0,0,10,10,0,0,10,0,-1,10,0,10,-1,10,10
43,Apache,github.com/apache/oltu,5.3,10,0,-1,0,0,10,10,0,0,10,0,-1,10,0,10,-1,10,10
44,Apache,github.com/apache/trafficserver,6.6,9,8,10,0,10,10,10,0,0,10,10,-1,7,0,10,-1,0,10
45,Apache,github.com/apache/drill,6.2,7,0,9,0,9,10,10,0,0,10,10,-1,7,10,10,-1,0,10
46,Apache,github.com/apache/commons-digester,6.7,10,3,-1,0,0,10,10,10,0,10,9,-1,7,10,10,-1,0,10
47,Apache,github.com/apache/commons-weaver,5.5,10,3,-1,0,0,10,10,0,0,10,0,-1,10,0,10,-1,10,10
48,Apache,github.com/apache/log4j-extras,5.3,10,0,-1,0,0,10,10,0,0,10,0,-1,10,0,10,-1,10,10
49,Apache,github.com/apache/pivot,4.8,7,0,-1,0,0,0,10,0,0,10,0,-1,10,0,10,-1,10,10
50,Apache,github.com/apache/royale-compiler,5.9,10,0,0,0,0,10,10,0,0,10,10,-1,10,0,10,-1,10,10
51,Apache,github.com/apache/harmony-classlib,4.4,0,0,-1,0,0,10,10,0,0,10,0,-1,10,0,10,-1,10,10
52,Apache,github.com/apache/cordova-plugin-splashscreen,5.8,10,0,7,0,8,10,10,0,0,10,8,-1,9,0,10,-1,0,10
53,Apache,github.com/apache/uima-uimacpp,5.5,10,3,0,0,1,10,10,0,0,10,0,-1,10,0,10,-1,10,10
54,Apache,github.com/apache/apreq,5.1,10,0,-1,0,0,3,10,0,0,10,0,-1,10,0,10,-1,10,10
55,Apache,github.com/apache/geronimo-genesis,5.3,10,0,-1,0,0,10,10,0,0,10,0,-1,10,0,10,-1,10,10
56,Apache,github.com/apache/storm,6.8,7,0,9,0,10,10,10,0,0,10,10,-1,10,0,10,-1,10,10
57,Apache,github.com/apache/portals-pluto,5.3,10,0,-1,0,0,10,10,0,0,10,0,-1,10,0,10,-1,10,10
58,Apache,github.com/apache/cloudstack,4.7,10,0,10,2,7,10,0,0,0,10,10,-1,5,0,10,-1,0,10
59,Apache,github.com/apache/cordova-ios,5.8,10,3,10,0,10,10,10,0,0,10,4,-1,7,0,10,-1,0,10
60,Apache,github.com/apache/maven-surefire,6.3,8,0,10,0,6,10,10,10,0,0,10,-1,10,0,10,-1,0,10
61,Apache,github.com/apache/esme,5.2,10,0,-1,0,0,6,10,0,0,10,0,-1,10,0,10,-1,10,10
62,Apache,github.com/apache/commons-dbutils,6.8,10,0,10,0,2,10,10,10,0,10,10,-1,7,10,10,-1,0,10
63,Apache,github.com/apache/sirona,5.3,10,0,-1,0,0,10,10,0,0,10,0,-1,10,0,10,-1,10,10
64,Apache,github.com/apache/james-hupa,5.2,10,3,0,0,1,10,10,0,0,0,0,-1,10,0,10,-1,10,10
65,Apache,github.com/apache/jackrabbit-oak,7.0,10,3,10,0,7,10,10,0,0,10,10,-1,10,0,10,-1,10,10
66,Apache,github.com/apache/commons-jcs,7.2,10,3,10,0,4,10,10,10,0,10,10,-1,7,10,10,-1,0,10
67,Apache,github.com/apache/servicemix-components,5.3,10,0,-1,0,0,10,10,0,0,10,0,-1,10,0,10,-1,10,10
68,Apache,github.com/apache/commons-vfs,6.5,4,3,10,0,2,10,10,10,0,10,10,-1,7,10,10,-1,0,10
69,Apache,github.com/apache/uima-uimaj,6.1,0,3,10,0,5,10,10,0,0,10,10,-1,10,0,10,-1,10,10
70,Apache,github.com/apache/etch,5.0,10,0,-1,0,0,0,10,0,0,10,0,-1,10,0,10,-1,10,10
71,Apache,github.com/apache/flex-site,5.3,10,0,-1,0,0,10,10,0,0,10,0,-1,10,0,10,-1,10,10
72,Apache,github.com/apache/deltaspike,6.1,10,0,-1,0,0,10,10,0,0,10,10,-1,10,0,10,-1,10,10
73,Apache,github.com/apache/commons-chain,5.4,10,3,0,0,0,10,10,10,0,10,1,-1,9,0,10,-1,0,10
74,Apache,github.com/apache/tuscany-sca-2.x,4.4,0,0,-1,0,0,10,10,0,0,10,0,-1,10,0,10,-1,10,10
75,Apache,github.com/apache/commons-jexl,7.3,10,3,10,0,4,10,10,10,0,10,10,-1,9,10,10,-1,0,10
76,Apache,github.com/apache/tapestry4,4.9,6,0,-1,0,0,10,10,0,0,10,0,-1,10,0,10,-1,10,10
77,Apache,github.com/apache/maven-site,7.1,10,3,4,0,3,10,10,10,0,0,10,-1,10,0,10,-1,10,10
78,Apache,github.com/apache/cordova-windows,5.4,10,3,9,0,8,10,10,0,0,10,1,-1,7,0,10,-1,0,10
79,Apache,github.com/apache/webservices-commons-xmlschema,5.3,10,0,-1,0,0,10,10,0,0,10,0,-1,10,0,10,-1,10,10
80,Apache,github.com/apache/camel,5.8,7,0,5,0,3,10,10,10,0,10,10,-1,5,0,10,-1,0,10
81,Apache,github.com/apache/chainsaw,5.2,10,0,-1,0,0,6,10,0,0,10,0,-1,10,0,10,-1,10,10
82,Apache,github.com/apache/apr-iconv,5.3,10,0,-1,0,0,10,10,0,0,10,0,-1,10,0,10,-1,10,10
83,Apache,github.com/apache/commons-pool,6.8,10,0,10,0,2,10,10,10,0,10,10,-1,7,10,10,-1,0,10
84,Apache,github.com/apache/couchdb-fauxton,5.3,10,0,5,0,9,10,10,0,0,10,2,-1,9,0,10,-1,0,10
85,Apache,github.com/apache/directory-studio,6.5,10,3,8,0,2,10,10,0,0,10,5,-1,9,9,10,-1,9,10
86,Apache,github.com/apache/servicemix-pom,5.0,10,0,-1,0,0,10,10,0,0,0,0,-1,10,0,10,-1,10,10
87,Apache,github.com/apache/commons-jxpath,5.9,10,3,0,0,0,10,10,0,10,10,0,-1,10,0,10,-1,10,10
88,Apache,github.com/apache/cordova-plugin-device-orientation,4.9,10,0,4,0,5,10,10,0,0,10,1,-1,9,0,10,-1,0,10
89,Apache,github.com/apache/tiles-request,5.3,10,0,-1,0,0,10,10,0,0,10,0,-1,10,0,10,-1,10,10
90,Apache,github.com/apache/sanselan,5.3,10,0,-1,0,0,10,10,0,0,10,0,-1,10,0,10,-1,10,10
91,Apache,github.com/apache/sling-old-svn-mirror,4.7,10,0,-1,0,0,0,10,0,0,0,0,-1,10,0,10,-1,10,10
92,Apache,github.com/apache/couchdb-rebar,5.5,10,0,8,0,2,10,10,0,0,10,0,-1,10,0,10,-1,10,10
93,Apache,github.com/apache/derby,4.4,0,0,-1,0,0,10,10,0,0,10,0,-1,10,0,10,-1,10,10
94,Apache,github.com/apache/incubator-pagespeed-cpanel,5.1,9,0,0,0,0,10,10,0,0,10,0,-1,10,0,10,-1,10,10
95,Apache,github.com/apache/servicemix-archetypes,5.0,10,0,-1,0,0,10,10,0,0,0,0,-1,10,0,10,-1,10,10
96,Apache,github.com/apache/flex-flexunit,4.6,4,0,0,0,0,10,10,0,0,10,0,-1,10,0,10,-1,10,10
97,Apache,github.com/apache/cxf,7.0,4,0,10,0,1,10,10,10,0,10,10,-1,7,10,10,-1,10,10
98,Apache,github.com/apache/commons-lang,7.6,10,0,-1,0,2,-1,10,10,-1,10,10,-1,7,-1,10,-1,9,10
99,Apache,github.com/apache/oozie,5.3,10,0,-1,0,0,10,10,0,0,10,0,-1,10,0,10,-1,10,10
100,Apache,github.com/apache/commons-compress,6.0,0,0,10,0,3,10,10,10,0,10,10,-1,7,10,10,-1,0,10
101,Apache,github.com/apache/couchdb-snappy,5.7,10,0,7,0,3,10,10,0,0,10,2,-1,10,0,10,-1,10,10
102,Apache,github.com/apache/cxf-dosgi,5.2,10,0,0,0,1,10,10,0,0,10,0,-1,10,0,10,-1,10,10
103,Apache,github.com/apache/cordova-plugin-inappbrowser,5.6,10,0,9,0,8,10,10,0,0,10,5,-1,9,0,10,-1,0,10
104,Apache,github.com/apache/flex-blazeds,4.9,10,0,0,0,0,3,10,0,0,10,0,-1,10,0,10,-1,10,10
105,Apache,github.com/apache/openoffice,5.1,0,0,0,0,0,10,10,0,0,10,10,-1,10,0,10,-1,10,10
106,Apache,github.com/apache/kandula,5.0,10,0,-1,0,0,0,10,0,0,10,0,-1,10,0,10,-1,10,10
107,Apache,github.com/apache/couchdb-config,5.9,10,0,8,0,6,10,10,0,0,10,1,-1,10,0,10,-1,10,10
108,Apache,github.com/apache/cordova-plugin-contacts,5.5,10,0,10,0,1,10,10,0,0,10,0,-1,10,0,10,-1,10,10
109,Apache,github.com/apache/echarts,6.6,10,6,9,0,10,10,10,0,0,10,10,-1,9,0,10,-1,0,10
110,Apache,github.com/apache/incubator-batchee,5.3,10,0,-1,0,0,10,10,0,0,10,0,-1,10,0,10,-1,10,10
111,Apache,github.com/apache/karaf,5.7,0,0,10,0,6,10,10,0,0,10,10,-1,7,0,10,-1,10,10
112,Apache,github.com/apache/cordova-plugin-media,5.6,10,0,9,0,8,10,10,0,0,10,5,-1,9,0,10,-1,0,10
113,Apache,github.com/apache/maven-doxia,6.4,10,3,10,0,3,10,10,10,0,0,10,-1,10,0,10,-1,0,10
114,Apache,github.com/apache/airavata,5.9,10,0,-1,0,0,10,10,0,0,10,10,-1,-1,0,10,-1,10,10
115,Apache,github.com/apache/tiles,5.3,10,0,-1,0,0,10,10,0,0,10,0,-1,10,0,10,-1,10,10
116,Apache,github.com/apache/xmlgraphics-fop,5.3,0,0,-1,0,0,10,10,0,0,10,10,-1,10,0,10,-1,10,10
117,Apache,github.com/apache/nutch,5.4,9,0,-1,0,4,10,10,0,0,10,10,-1,7,0,10,-1,0,10
118,Apache,github.com/apache/tapestry3,4.3,0,0,-1,0,0,6,10,0,0,10,0,-1,10,0,10,-1,10,10
119,Apache,github.com/apache/geronimo-yoko,5.3,10,0,-1,0,0,10,10,0,0,10,0,-1,10,0,10,-1,10,10
120,Apache,github.com/apache/toolchain,4.8,9,0,0,0,0,10,10,0,0,0,0,-1,10,0,10,-1,10,10
121,Apache,github.com/apache/olingo-odata2,5.4,10,0,0,0,3,10,10,0,0,10,0,-1,10,0,10,-1,10,10
122,Apache,github.com/apache/tuscany-sca-cpp,5.3,10,0,-1,0,0,10,10,0,0,10,0,-1,10,0,10,-1,10,10
123,Apache,github.com/apache/ant-antlibs-compress,5.0,10,0,-1,0,0,10,10,0,0,0,0,-1,10,0,10,-1,10,10
124,Apache,github.com/apache/servicemix-maven-plugins,5.1,10,0,0,0,0,10,10,0,0,10,0,-1,10,0,10,-1,10,10
125,Apache,github.com/apache/wookie,5.0,8,0,-1,0,0,6,10,0,0,10,0,-1,10,0,10,-1,10,10
126,Apache,github.com/apache/creadur-rat,6.6,9,3,10,0,3,10,10,10,0,10,10,-1,9,0,10,-1,0,10
127,Apache,github.com/apache/maven-integration-testing,4.5,0,0,3,0,6,10,10,0,0,0,10,-1,7,0,10,-1,0,10
128,Apache,github.com/apache/activemq-openwire,5.2,10,0,-1,0,0,6,10,0,0,10,0,-1,10,0,10,-1,10,10
129,Apache,github.com/apache/continuum,5.3,10,0,-1,0,0,10,10,0,0,10,0,-1,10,0,10,-1,10,10
130,Apache,github.com/apache/couchdb-folsom,5.4,10,0,0,0,2,10,10,0,0,10,1,-1,10,0,10,-1,10,10
131,Apache,github.com/apache/harmony,4.4,0,0,-1,0,0,10,10,0,0,10,0,-1,10,0,10,-1,10,10
132,Apache,github.com/apache/cloudstack-docs-rn,5.5,10,3,0,0,2,10,10,0,0,10,0,-1,10,0,10,-1,10,10
133,Apache,github.com/apache/commons-ognl,6.6,10,3,10,0,4,10,10,10,0,10,4,-1,7,9,10,-1,0,10
134,Apache,github.com/apache/parquet-mr,6.4,10,3,10,0,10,10,10,0,0,10,10,-1,9,0,10,-1,0,10
135,Apache,github.com/apache/cordova-plugins,4.9,10,0,0,0,0,10,10,0,0,0,0,-1,10,0,10,-1,10,10
136,Apache,github.com/apache/flex-utilities,5.3,10,0,-1,0,0,10,10,0,0,10,0,-1,10,0,10,-1,10,10
137,Apache,github.com/apache/log4j-component,5.3,10,0,-1,0,0,10,10,0,0,10,0,-1,10,0,10,-1,10,10
138,Apache,github.com/apache/cordova-mobile-spec,5.5,10,0,0,0,5,10,10,0,0,10,0,-1,10,0,10,-1,10,10
139,Apache,github.com/apache/ftpserver,4.9,8,0,-1,0,0,3,10,0,0,10,0,-1,10,0,10,-1,10,10
140,Apache,github.com/apache/stdcxx,4.9,9,0,-1,0,0,0,10,0,0,10,0,-1,10,0,10,-1,10,10
141,Apache,github.com/apache/geronimo-xbean,5.2,10,0,0,0,1,10,10,0,0,10,0,-1,10,0,10,-1,10,10
142,Apache,github.com/apache/directmemory-lightning,5.0,10,0,-1,0,0,10,10,0,0,0,0,-1,10,0,10,-1,10,10
143,Apache,github.com/apache/archiva-redback-core,6.2,10,3,10,0,2,10,10,10,0,0,10,-1,7,0,10,-1,0,10
144,Apache,github.com/apache/dubbo,5.7,9,0,9,2,8,10,10,0,0,10,10,-1,5,0,10,-1,0,10
145,Apache,github.com/apache/maven-indexer,5.5,0,0,10,0,5,10,10,10,0,0,10,-1,10,0,10,-1,0,10
146,Apache,github.com/apache/npanday,5.1,8,0,-1,0,0,10,10,0,0,10,0,-1,10,0,10,-1,10,10
147,Apache,github.com/apache/karaf-eik,5.2,9,0,-1,0,0,10,10,0,0,10,0,-1,10,0,10,-1,10,10
148,Apache,github.com/apache/phoenix,6.3,10,0,0,0,6,10,10,0,0,10,10,-1,7,0,10,-1,10,10
149,Apache,github.com/apache/servicemix-documentation,5.0,10,0,-1,0,0,10,10,0,0,0,0,-1,10,0,10,-1,10,10
150,Apache,github.com/apache/jsecurity,5.0,10,0,-1,0,0,0,10,0,0,10,0,-1,10,0,10,-1,10,10
151,Apache,github.com/apache/parquet-format,5.2,10,3,9,0,6,10,10,0,0,10,0,-1,9,0,10,-1,0,10
152,Apache,github.com/apache/uima-sandbox,5.2,9,0,-1,0,0,10,10,0,0,10,0,-1,10,0,10,-1,10,10
153,Apache,github.com/apache/qpid-dispatch,6.7,10,0,10,0,7,10,10,10,0,10,10,10,5,0,10,-1,0,10
154,Apache,github.com/apache/spamassassin,5.9,10,0,-1,0,0,3,10,0,0,10,10,-1,10,0,10,-1,10,10
155,Apache,github.com/apache/flume,6.1,8,0,10,0,4,10,10,0,0,10,10,-1,9,10,10,-1,0,10
156,Apache,github.com/apache/maven-scm,5.5,10,0,9,0,5,10,10,0,0,0,10,-1,10,0,10,-1,0,10
157,Apache,github.com/apache/tapestry-5,5.8,8,0,0,0,0,10,10,0,0,10,10,-1,10,0,10,-1,10,10
158,Apache,github.com/apache/ddlutils,4.4,0,0,-1,0,0,10,10,0,0,10,0,-1,10,0,10,-1,10,10
159,Apache,github.com/apache/manifoldcf-integration-solr-4.x,5.3,10,0,-1,0,0,10,10,0,0,10,0,-1,10,0,10,-1,10,10
160,Apache,github.com/apache/synapse,4.8,0,3,10,0,2,10,10,0,0,10,10,-1,7,0,10,-1,0,10
161,Apache,github.com/apache/manifoldcf-integration-sharepoint-2010,5.0,10,0,-1,0,0,0,10,0,0,10,0,-1,10,0,10,-1,10,10
162,Apache,github.com/apache/servicemix-utils,5.3,10,0,-1,0,0,10,10,0,0,10,0,-1,10,0,10,-1,10,10
163,Apache,github.com/apache/cordova-browser,6.2,10,3,10,0,7,10,10,0,0,10,0,-1,10,0,10,-1,10,10
164,Apache,github.com/apache/cordova-plugin-globalization,5.3,7,0,10,0,2,10,10,0,0,10,0,-1,10,0,10,-1,10,10
165,Apache,github.com/apache/geronimo-specs,5.3,10,0,-1,0,0,10,10,0,0,10,0,-1,10,0,10,-1,10,10
166,Apache,github.com/apache/couchdb-khash,5.5,10,0,8,0,2,6,10,0,0,10,1,-1,10,0,10,-1,10,10
167,Apache,github.com/apache/cordova-plugin-statusbar,5.6,10,0,9,0,8,10,10,0,0,10,6,-1,9,0,10,-1,0,10
168,Apache,github.com/apache/avro,7.1,10,1,10,0,10,10,10,10,0,10,10,10,0,7,10,-1,0,10
169,Apache,github.com/apache/servicemix4-nmr,5.3,10,0,-1,0,0,10,10,0,0,10,0,-1,10,0,10,-1,10,10
170,Apache,github.com/apache/opennlp,5.4,10,3,8,0,8,10,10,0,0,10,3,-1,5,0,10,-1,0,10
171,Apache,github.com/apache/manifoldcf-integration-sharepoint-2007,5.0,10,0,-1,0,0,0,10,0,0,10,0,-1,10,0,10,-1,10,10
172,Apache,github.com/apache/felix,5.0,10,0,-1,0,0,10,10,0,0,0,0,-1,10,0,10,-1,10,10
173,Apache,github.com/apache/incubator-pagespeed-ngx,5.9,10,1,8,0,10,10,10,0,0,10,4,-1,7,0,10,0,10,10
174,Apache,github.com/apache/johnzon,6.1,10,0,7,0,0,10,10,0,0,10,10,-1,10,0,10,-1,10,10
175,Apache,github.com/apache/streams,4.7,10,0,10,0,2,10,10,0,0,10,0,-1,9,0,10,-1,0,10
176,Apache,github.com/apache/commons-jelly,5.4,10,3,0,0,0,10,10,0,0,10,0,-1,10,0,10,-1,10,10
177,Apache,github.com/apache/cordova-js,5.4,10,0,9,0,7,10,10,0,0,10,5,-1,7,0,10,-1,0,10
178,Apache,github.com/apache/cordova-lib,5.3,10,0,10,0,8,10,10,0,0,10,3,-1,7,0,10,-1,0,10
179,Apache,github.com/apache/uima-uimafit,6.6,10,3,10,0,2,10,10,0,0,10,10,-1,10,0,10,-1,10,10
180,Apache,github.com/apache/tika,6.1,0,3,10,0,6,10,10,10,0,10,10,-1,9,0,10,-1,0,10
181,Apache,github.com/apache/datafu,6.5,10,0,4,0,4,10,10,0,0,10,10,-1,9,7,10,-1,8,10
182,Apache,github.com/apache/servicemix-website,5.3,10,0,-1,0,0,10,10,0,0,10,0,-1,10,0,10,-1,10,10
183,Apache,github.com/apache/jackrabbit-ocm,5.0,10,0,-1,0,0,0,10,0,0,10,0,-1,10,0,10,-1,10,10
184,Apache,github.com/apache/ant-xooki,4.7,10,0,-1,0,0,0,10,0,0,0,0,-1,10,0,10,-1,10,10
185,Apache,github.com/apache/cordova-plugin-battery-status,4.9,9,0,9,0,5,10,10,0,0,10,1,-1,9,0,10,-1,0,10
186,Apache,github.com/apache/incubator-optiq-csv,5.2,10,0,-1,0,0,6,10,0,0,10,0,-1,10,0,10,-1,10,10
187,Apache,github.com/apache/cxf-build-utils,5.4,10,0,0,0,1,10,10,0,0,10,2,-1,10,0,10,-1,10,10
188,Apache,github.com/apache/photark,5.3,10,0,-1,0,0,10,10,0,0,10,0,-1,10,0,10,-1,10,10
189,Apache,github.com/apache/ranger,5.9,10,0,-1,0,0,10,10,0,0,10,10,-1,7,0,10,-1,10,10
190,Apache,github.com/apache/httpcomponents-core,6.8,10,0,9,0,3,10,10,0,10,10,10,-1,7,0,10,-1,10,10
191,Apache,github.com/apache/httpd-flood,5.3,10,0,-1,0,0,10,10,0,0,10,0,-1,10,0,10,-1,10,10
192,Apache,github.com/apache/any23,6.4,10,0,10,0,8,10,10,10,0,10,3,-1,9,2,10,-1,0,10
193,Apache,github.com/apache/commons-beanutils,7.0,10,3,10,0,2,10,10,10,0,10,10,-1,7,10,10,-1,0,10
194,Apache,github.com/apache/bloodhound,5.3,10,0,-1,0,0,10,10,0,0,10,0,-1,10,0,10,-1,10,10
195,Apache,github.com/apache/harmony-jdktools,5.3,10,0,-1,0,0,10,10,0,0,10,0,-1,10,0,10,-1,10,10
196,Apache,github.com/apache/hbase,6.8,10,3,6,0,8,10,10,0,0,10,10,-1,7,0,10,-1,10,10
197,Apache,github.com/apache/logging-log4j2,7.1,5,3,8,0,3,10,10,10,10,10,10,-1,7,8,10,-1,0,10
198,Apache,github.com/apache/jclouds,6.4,10,0,9,0,5,10,10,0,0,10,10,-1,7,0,10,-1,10,10
199,Apache,github.com/apache/tuscany-sdo,5.3,10,0,-1,0,0,10,10,0,0,10,0,-1,10,0,10,-1,10,10
200,Apache,github.com/apache/commons-bcel,6.6,5,3,10,0,2,10,10,10,0,10,10,-1,7,10,10,-1,0,10
201,Apache,github.com/apache/photark-mobile,5.2,9,0,-1,0,0,10,10,0,0,10,0,-1,10,0,10,-1,10,10
202,Apache,github.com/apache/jena,7.0,10,0,0,0,8,10,10,10,0,10,10,-1,2,0,10,-1,10,10
203,Apache,github.com/apache/james-jspf,5.6,10,0,4,0,5,10,10,0,0,10,0,-1,10,0,10,-1,10,10
204,Apache,github.com/apache/struts1,5.3,10,0,-1,0,0,10,10,0,0,10,0,-1,10,0,10,-1,10,10
205,Apache,github.com/apache/couchdb,7.1,10,3,10,0,10,10,10,0,0,10,10,-1,7,0,10,-1,10,10
206,Apache,github.com/apache/incubator-brooklyn-site,4.9,10,0,0,0,0,10,10,0,0,0,0,-1,10,0,10,-1,10,10
207,Apache,github.com/apache/commons-email,7.4,10,-1,-1,0,1,-1,10,10,-1,10,10,-1,7,-1,10,-1,0,10
208,Apache,github.com/apache/ant-antlibs-props,5.0,10,0,-1,0,0,10,10,0,0,0,0,-1,10,0,10,-1,10,10
209,Apache,github.com/apache/activemq,5.9,1,0,8,0,6,10,10,0,0,10,10,-1,10,0,10,-1,10,10
210,Apache,github.com/apache/lucenenet,3.8,0,0,2,0,1,10,10,0,0,10,4,-1,7,0,10,-1,0,10
211,Apache,github.com/apache/activemq-stomp,5.0,10,0,-1,0,0,10,10,0,0,0,0,-1,10,0,10,-1,10,10
212,Apache,github.com/apache/flex-external,4.7,10,0,-1,0,0,0,10,0,0,0,0,-1,10,0,10,-1,10,10
213,Apache,github.com/apache/james-jdkim,5.3,10,0,8,0,1,6,10,0,0,10,0,-1,10,0,10,-1,10,10
214,Apache,github.com/apache/subversion,6.1,10,0,-1,0,0,10,10,0,0,10,10,-1,10,0,10,-1,10,10
215,Apache,github.com/apache/maven-archetype,5.2,9,0,8,0,3,10,10,10,0,0,0,-1,10,0,10,-1,0,10
216,Apache,github.com/apache/directory-server,5.9,0,3,-1,0,0,10,10,0,0,10,10,-1,9,10,10,-1,9,10
217,Apache,github.com/apache/geronimo-schema-6,5.0,10,0,-1,0,0,0,10,0,0,10,0,-1,10,0,10,-1,10,10
218,Apache,github.com/apache/incubator-ambari,5.6,10,0,-1,0,0,10,10,0,-1,10,0,-1,10,0,10,-1,10,10
219,Apache,github.com/apache/cordova-coho,5.5,10,0,9,0,8,10,10,0,0,10,2,10,7,0,10,-1,0,10
220,Apache,github.com/apache/pdfbox,5.1,10,0,-1,0,0,6,10,0,0,10,10,-1,9,0,10,-1,0,10
221,Apache,github.com/apache/kafka,6.9,10,3,7,0,9,10,10,0,0,10,10,-1,7,0,10,-1,10,10
222,Apache,github.com/apache/tuscany-sca-1.x,4.4,0,0,-1,0,0,10,10,0,0,10,0,-1,10,0,10,-1,10,10
223,Apache,github.com/apache/maven-jxr,6.1,10,3,8,0,5,10,10,10,0,0,5,-1,10,0,10,-1,0,10
224,Apache,github.com/apache/incubator-tajo,5.3,10,0,-1,0,0,10,10,0,0,10,0,-1,10,0,10,-1,10,10
225,Apache,github.com/apache/myfaces-scripting,5.0,10,0,-1,0,0,0,10,0,0,10,0,-1,10,0,10,-1,10,10
226,Apache,github.com/apache/httpd-docs-build,4.4,0,0,-1,0,0,10,10,0,0,10,0,-1,10,0,10,-1,10,10
227,Apache,github.com/apache/maven,4.9,0,0,10,0,4,10,10,0,0,10,10,-1,9,0,10,-1,0,10
228,Apache,github.com/apache/calcite,5.4,9,0,10,0,3,10,10,0,0,10,10,-1,7,0,10,-1,0,10
229,Apache,github.com/apache/geronimo-devtools,5.3,10,0,-1,0,0,10,10,0,0,10,0,-1,10,0,10,-1,10,10
230,Apache,github.com/apache/logging-log4j1,5.2,9,0,-1,0,0,10,10,0,0,10,0,-1,10,0,10,-1,10,10
231,Apache,github.com/apache/maven-skins,5.3,10,0,-1,0,0,10,10,0,0,10,0,-1,10,0,10,-1,10,10
232,Apache,github.com/apache/ant-antlibs-dotnet,5.0,10,0,-1,0,0,10,10,0,0,0,0,-1,10,0,10,-1,10,10
233,Apache,github.com/apache/savan,4.8,10,0,-1,0,0,3,10,0,0,0,0,-1,10,0,10,-1,10,10
234,Apache,github.com/apache/gora,4.6,9,0,4,0,5,10,10,0,0,10,0,-1,7,0,10,-1,0,10
235,Apache,github.com/apache/giraph,5.3,10,0,-1,0,0,10,10,0,0,10,0,-1,10,0,10,-1,10,10
236,Apache,github.com/apache/cordova-android,6.1,10,3,10,0,8,10,10,0,0,10,10,-1,7,0,10,-1,0,10
237,Apache,github.com/apache/commons-collections,6.8,10,0,-1,0,3,10,10,10,0,10,10,-1,7,10,10,-1,0,10
238,Apache,github.com/apache/tomee,4.8,3,3,4,0,2,10,10,0,0,10,10,-1,5,0,10,-1,0,10
239,Apache,github.com/apache/maven-ant-tasks,4.3,2,0,-1,0,0,10,10,0,0,0,0,-1,10,0,10,-1,10,10
240,Apache,github.com/apache/spark,4.4,0,3,-1,0,0,10,10,0,0,10,10,10,0,0,10,-1,0,10
241,Apache,github.com/apache/sis,6.0,9,0,-1,0,0,10,10,0,0,10,10,-1,10,0,10,-1,10,10
242,Apache,github.com/apache/james-postage,4.9,10,0,0,0,1,0,10,0,0,10,0,-1,10,0,10,-1,10,10
243,Apache,github.com/apache/samza-hello-samza,5.9,9,0,-1,0,8,10,10,0,0,10,0,-1,10,0,10,-1,10,10
244,Apache,github.com/apache/httpasyncclient,4.9,10,0,-1,0,0,6,10,0,0,0,0,-1,10,0,10,-1,10,10
245,Apache,github.com/apache/uima-ducc,4.8,8,0,-1,0,0,0,10,0,0,10,0,-1,10,0,10,-1,10,10
246,Apache,github.com/apache/ant-easyant-tasks,5.0,10,0,-1,0,0,0,10,0,0,10,0,-1,10,0,10,-1,10,10
247,Apache,github.com/apache/james-mime4j,6.3,10,0,9,0,8,10,10,0,0,10,3,-1,10,0,10,-1,10,10
248,Apache,github.com/apache/commons-cli,6.8,10,0,10,0,3,10,10,10,0,10,10,-1,7,10,10,-1,0,10
249,Apache,github.com/apache/commons-configuration,6.8,9,3,10,0,0,10,10,10,0,10,10,-1,7,10,10,-1,0,10
250,Apache,github.com/apache/cloudstack-docs,5.5,10,3,0,0,2,10,10,0,0,10,0,-1,10,0,10,-1,10,10
251,Apache,github.com/apache/geronimo-schema-5,5.0,10,0,-1,0,0,0,10,0,0,10,0,-1,10,0,10,-1,10,10
252,Apache,github.com/apache/xmlbeans,5.5,3,0,-1,0,0,10,10,0,0,10,10,-1,10,0,10,-1,10,10
253,Apache,github.com/apache/cordova-plugin-file,5.2,10,0,8,0,9,10,10,0,0,10,0,-1,9,0,10,-1,0,10
254,Apache,github.com/apache/tomee-site,5.0,7,0,-1,0,0,10,10,0,0,10,0,-1,10,0,10,-1,10,10
255,Apache,github.com/apache/cayenne,5.9,8,0,-1,0,0,10,10,0,0,10,10,-1,10,0,10,-1,10,10
256,Apache,github.com/apache/cordova-labs,5.0,10,0,-1,0,0,10,10,0,0,0,0,-1,10,0,10,-1,10,10
257,Apache,github.com/apache/activemq-cpp,5.3,10,0,-1,0,0,10,10,0,0,10,0,-1,10,0,10,-1,10,10
258,Apache,github.com/apache/devicemap-browsermap,5.3,10,0,-1,0,0,10,10,0,0,10,0,-1,10,0,10,-1,10,10
259,Apache,github.com/apache/commons-codec,7.6,10,3,10,0,1,10,10,10,0,10,10,-1,7,10,10,-1,9,10
260,Apache,github.com/apache/flex-tlf,5.3,10,0,-1,0,0,10,10,0,0,10,0,-1,10,0,10,-1,10,10
261,Apache,github.com/apache/geronimo-gshell,5.3,10,0,-1,0,0,10,10,0,0,10,0,-1,10,0,10,-1,10,10
262,Apache,github.com/apache/servicemix4-kernel,4.7,3,0,-1,0,0,10,10,0,0,10,0,-1,10,0,10,-1,10,10
263,Apache,github.com/apache/hcatalog,5.1,10,0,-1,0,0,3,10,0,0,10,0,-1,10,0,10,-1,10,10
264,Apache,github.com/apache/pluto,5.3,10,0,-1,0,0,10,10,0,0,10,0,-1,10,0,10,-1,10,10
265,Apache,github.com/apache/couchdb-admin,5.2,10,0,0,0,1,10,10,0,0,10,0,-1,10,0,10,-1,10,10
266,Apache,github.com/apache/ant-antlibs-common,5.3,10,0,-1,0,0,10,10,0,0,10,0,-1,10,0,10,-1,10,10
267,Apache,github.com/apache/karaf-cave,5.8,10,0,9,0,5,10,10,0,0,10,0,-1,10,0,10,-1,10,10
268,Apache,github.com/apache/druid,8.2,10,1,8,0,10,10,10,10,0,10,10,-1,7,10,10,-1,10,10
269,Apache,github.com/apache/zookeeper,5.1,10,0,-1,0,0,10,10,0,0,10,10,-1,7,0,10,-1,0,10
270,Apache,github.com/apache/olingo-odata4-js,5.0,10,0,-1,0,0,0,10,0,0,10,0,-1,10,0,10,-1,10,10
271,Apache,github.com/apache/manifoldcf-integration-solr-3.x,5.3,10,0,-1,0,0,10,10,0,0,10,0,-1,10,0,10,-1,10,10
272,Apache,github.com/apache/uima-as_old,5.0,9,0,-1,0,0,3,10,0,0,10,0,-1,10,0,10,-1,10,10
273,Apache,github.com/apache/tiles-autotag,5.3,10,0,-1,0,0,10,10,0,0,10,0,-1,10,0,10,-1,10,10
274,Apache,github.com/apache/servicemix4-specs,5.3,10,0,-1,0,0,10,10,0,0,10,0,-1,10,0,10,-1,10,10
275,Apache,github.com/apache/ambari,5.2,1,0,7,0,10,10,10,0,0,10,0,-1,7,0,10,-1,10,10
276,Apache,github.com/apache/myfaces-extval,5.0,10,0,-1,0,0,0,10,0,0,10,0,-1,10,0,10,-1,10,10
277,Apache,github.com/apache/cordova-plugin-media-capture,5.6,10,0,9,0,8,10,10,0,0,10,5,-1,9,0,10,-1,0,10
278,Apache,github.com/apache/struts,6.2,7,0,7,0,4,10,10,0,0,10,10,-1,10,0,10,-1,10,10
279,Apache,github.com/apache/commons-fileupload,6.8,10,0,10,0,2,10,10,10,0,10,10,-1,7,10,10,-1,0,10
280,Apache,github.com/apache/cordova-plugin-device,5.5,10,0,8,0,8,10,10,0,0,10,4,-1,9,0,10,-1,0,10
281,Apache,github.com/apache/rampart,5.3,10,0,-1,0,0,10,10,0,0,10,0,-1,10,0,10,-1,10,10
282,Apache,github.com/apache/shiro,5.9,10,0,10,0,7,10,10,0,0,10,10,-1,9,0,10,-1,0,10
283,Apache,github.com/apache/maven-plugin-testing,4.7,10,0,9,0,2,10,10,0,0,0,3,-1,10,0,10,-1,0,10
284,Apache,github.com/apache/cordova-plugin-vibration,5.2,10,0,9,0,7,10,10,0,0,10,1,-1,9,0,10,-1,0,10
285,Apache,github.com/apache/juddi-styles,5.0,10,0,-1,0,0,0,10,0,0,10,0,-1,10,0,10,-1,10,10
286,Apache,github.com/apache/ant-easyant-easyant4e,4.2,0,0,-1,0,0,0,10,0,0,10,0,-1,10,0,10,-1,10,10
287,Apache,github.com/apache/ant-antlibs-vss,5.0,10,0,-1,0,0,10,10,0,0,0,0,-1,10,0,10,-1,10,10
288,Apache,github.com/apache/incubator-tez,5.1,10,0,-1,0,0,3,10,0,0,10,0,-1,10,0,10,-1,10,10
289,Apache,github.com/apache/tomcat-connectors,6.4,10,3,-1,0,0,10,10,0,0,10,10,-1,10,0,10,-1,10,10
290,Apache,github.com/apache/wicket,5.5,10,0,10,0,3,10,10,0,0,10,10,-1,7,0,10,-1,0,10
291,Apache,github.com/apache/stanbol,4.8,4,0,-1,0,0,10,10,0,0,10,0,-1,10,0,10,-1,10,10
292,Apache,github.com/apache/helix,5.6,10,0,10,0,7,10,10,0,0,10,10,-1,4,0,10,-1,0,10
293,Apache,github.com/apache/servicemix4-bundles,5.3,10,0,-1,0,0,10,10,0,0,10,0,-1,10,0,10,-1,10,10
294,Apache,github.com/apache/xmlgraphics-batik,4.4,0,0,-1,0,0,10,10,0,0,10,0,-1,10,0,10,-1,10,10
295,Apache,github.com/apache/commons-exec,7.1,10,3,10,0,3,10,10,10,0,10,10,-1,7,10,10,-1,0,10
296,Apache,github.com/apache/mina-sshd,5.4,10,0,10,0,1,10,10,0,0,10,10,-1,9,0,10,-1,0,10
297,Apache,github.com/apache/santuario-cpp,5.1,10,0,-1,0,0,0,10,0,0,10,1,-1,10,0,10,-1,10,10
298,Apache,github.com/apache/geronimo-javamail,5.5,10,0,0,0,1,10,10,0,0,10,4,-1,10,0,10,-1,10,10
299,Apache,github.com/apache/curator,6.0,10,3,8,0,6,10,10,0,0,10,10,-1,9,0,10,-1,0,10
300,Apache,github.com/apache/flink,5.4,10,3,0,0,4,10,10,0,0,10,10,-1,5,0,10,-1,0,10
301,Apache,github.com/apache/cordova-plugin-network-information,5.2,10,0,8,0,8,10,10,0,0,10,1,-1,9,0,10,-1,0,10
302,Apache,github.com/apache/allura,5.6,9,0,-1,0,0,10,10,0,0,10,10,-1,2,0,10,-1,10,10
303,Apache,github.com/apache/uima-addons,5.1,10,0,-1,0,0,3,10,0,0,10,0,-1,10,0,10,-1,10,10
304,Apache,github.com/apache/apr-util,5.0,10,0,-1,0,0,10,10,0,0,0,0,-1,10,0,10,-1,10,10
305,Apache,github.com/apache/celix,6.1,10,3,10,0,8,10,10,0,0,10,10,-1,7,0,10,-1,0,10
306,Apache,github.com/apache/couchdb-ioq,6.0,10,0,0,0,9,10,10,0,0,0,5,-1,10,0,10,-1,10,10
307,Apache,github.com/apache/cordova-plugin-file-transfer,5.8,10,0,1,0,9,10,10,0,0,10,10,-1,9,0,10,-1,0,10
308,Apache,github.com/apache/velocity-tools,5.5,10,3,6,0,0,10,10,0,0,10,0,-1,10,0,10,-1,10,10
309,Apache,github.com/apache/archiva-sandbox,5.0,7,3,-1,0,0,10,10,0,0,0,0,-1,10,0,10,-1,10,10
310,Apache,github.com/apache/cordova-app-hello-world,5.9,10,0,-1,0,5,10,10,0,0,10,3,-1,10,0,10,-1,10,10
311,Apache,github.com/apache/geronimo-txmanager,5.1,10,0,0,0,0,10,10,0,0,10,0,-1,10,0,10,-1,10,10
312,Apache,github.com/apache/commons-validator,7.1,10,3,10,0,3,10,10,10,0,10,10,-1,7,10,10,-1,0,10
313,Apache,github.com/apache/fluo,5.8,10,3,7,0,9,10,10,0,0,10,5,-1,9,0,10,-1,0,10
314,Apache,github.com/apache/karaf-cellar,5.6,10,0,7,0,3,10,10,0,0,10,0,-1,10,0,10,-1,10,10
315,Apache,github.com/apache/archiva-redback-components,5.0,10,0,-1,0,0,10,10,0,0,0,0,-1,10,0,10,-1,10,10
316,Apache,github.com/apache/juddi,6.8,5,0,5,0,2,3,10,10,0,10,10,-1,7,10,10,-1,9,10
317,Apache,github.com/apache/servicemix3,5.1,8,0,-1,0,0,10,10,0,0,10,0,-1,10,0,10,-1,10,10
318,Apache,github.com/apache/creadur-tentacles,7.9,10,3,8,0,8,10,10,10,0,10,10,-1,10,0,10,-1,10,10
319,Apache,github.com/apache/jmeter,5.6,8,3,9,0,4,10,10,0,0,10,10,-1,7,0,10,-1,0,10
320,Apache,github.com/apache/couchdb-bear,5.0,10,0,-1,0,0,0,10,0,0,10,0,-1,10,0,10,-1,10,10
321,Apache,github.com/apache/couchdb-ets-lru,5.5,10,0,9,0,2,10,10,0,0,10,0,-1,10,0,10,-1,10,10
322,Apache,github.com/apache/shindig,5.3,10,0,-1,0,0,10,10,0,0,10,0,-1,10,0,10,-1,10,10
323,Apache,github.com/apache/qpid,5.8,10,0,-1,0,0,10,10,0,10,10,0,-1,10,0,10,-1,10,10
324,Apache,github.com/apache/accumulo,5.6,2,3,10,0,8,10,10,0,0,10,10,-1,9,0,10,-1,0,10
325,Apache,github.com/apache/flex-sdk,4.7,3,0,-1,0,0,10,10,0,0,10,0,-1,10,0,10,-1,10,10
326,Apache,github.com/apache/uima-build,5.1,8,0,-1,0,0,10,10,0,0,10,0,-1,10,0,10,-1,10,10
327,Apache,github.com/apache/maven-plugin-tools,6.7,8,3,10,0,8,10,10,10,0,0,10,-1,10,0,10,-1,0,10
328,Apache,github.com/apache/empire-db,5.5,10,0,-1,0,0,10,10,0,0,10,3,-1,10,0,10,-1,10,10
329,Apache,github.com/apache/log4j-zeroconf,5.3,10,0,-1,0,0,10,10,0,0,10,0,-1,10,0,10,-1,10,10
330,Apache,github.com/apache/cloudstack-docs-install,5.5,9,3,0,0,2,10,10,0,0,10,0,-1,10,0,10,-1,10,10
331,Apache,github.com/apache/struts-sandbox,5.1,10,0,0,0,0,10,10,0,0,10,0,-1,10,0,10,-1,10,10
332,Apache,github.com/apache/hadoop,6.9,10,3,7,0,9,10,10,0,0,10,10,-1,7,0,10,-1,10,10
333,Apache,github.com/apache/incubator-knox,4.8,10,0,-1,0,0,3,10,0,0,0,0,-1,10,0,10,-1,10,10
334,Apache,github.com/apache/hive,4.8,7,3,10,0,9,10,0,0,0,10,10,-1,5,0,10,-1,0,10
335,Apache,github.com/apache/mod_perl,5.3,10,0,-1,0,0,10,10,0,0,10,0,-1,10,0,10,-1,10,10
336,Apache,github.com/apache/servicemix4-legal,4.7,10,0,-1,0,0,0,10,0,0,0,0,-1,10,0,10,-1,10,10
337,Apache,github.com/apache/xmlgraphics-commons,4.5,3,0,-1,0,0,0,10,0,0,10,1,-1,10,0,10,-1,10,10
338,Apache,github.com/apache/ant,5.4,2,0,0,0,1,10,10,0,0,10,10,-1,10,0,10,-1,10,10
339,Apache,github.com/apache/cordova-plugin-dialogs,5.2,10,0,9,0,7,10,10,0,0,10,2,-1,9,0,10,-1,0,10
340,Apache,github.com/apache/httpd,6.5,10,0,-1,0,0,10,10,0,10,10,10,-1,7,0,10,-1,10,10
341,Apache,github.com/apache/knox,6.0,10,0,9,0,10,10,10,0,0,10,10,-1,7,0,10,-1,0,10
342,Apache,github.com/apache/commons-jci,5.5,10,3,-1,0,0,10,10,0,0,10,0,-1,10,0,10,-1,10,10
343,Apache,github.com/apache/maven-2,5.1,8,0,-1,0,0,10,10,0,0,10,0,-1,10,0,10,-1,10,10
344,Apache,github.com/apache/commons-bsf,5.0,2,3,0,0,0,6,10,10,0,10,5,-1,9,0,10,-1,0,10
345,Apache,github.com/apache/cocoon,4.9,6,0,-1,0,0,10,10,0,0,10,0,-1,10,0,10,-1,10,10
346,Apache,github.com/apache/creadur-whisker,7.8,10,3,7,0,10,3,10,10,0,10,10,-1,10,0,10,-1,10,10
347,Apache,github.com/apache/lenya,5.3,10,0,-1,0,0,10,10,0,0,10,0,-1,10,0,10,-1,10,10
348,Apache,github.com/apache/manifoldcf,5.6,10,0,-1,0,0,10,10,0,0,10,4,-1,10,0,10,-1,10,10
349,Apache,github.com/apache/tomcat,5.1,0,3,-1,0,0,10,10,0,10,10,10,-1,7,0,10,-1,0,10
350,Apache,github.com/apache/cordova-docs,5.9,10,0,9,0,9,10,10,0,0,10,10,-1,7,0,10,-1,0,10
351,Apache,github.com/apache/kalumet,5.3,10,0,-1,0,0,10,10,0,0,10,0,-1,10,0,10,-1,10,10
352,Apache,github.com/apache/cordova-plugin-camera,5.0,10,0,7,0,7,10,10,0,0,10,1,-1,7,0,10,-1,0,10
353,Apache,github.com/apache/httpcomponents-client,8.4,10,0,10,0,6,10,10,10,10,10,10,-1,7,10,10,-1,10,10
354,Apache,github.com/apache/log4j-receivers,5.3,10,0,-1,0,0,10,10,0,0,10,0,-1,10,0,10,-1,10,10
355,Apache,github.com/apache/ant-easyant-buildtypes,5.0,10,0,-1,0,0,0,10,0,0,10,0,-1,10,0,10,-1,10,10
356,Apache,github.com/apache/click,5.2,9,0,-1,0,0,10,10,0,0,10,0,-1,10,0,10,-1,10,10
357,Apache,github.com/apache/cxf-fediz,5.9,10,0,0,0,0,10,10,0,0,10,10,-1,10,0,10,-1,10,10
358,Apache,github.com/apache/ant-ivy,4.4,0,0,0,0,1,10,10,0,0,10,0,-1,10,0,10,-1,10,10
359,Apache,github.com/apache/struts-examples,7.4,8,0,7,0,8,10,10,10,0,10,10,-1,10,0,10,-1,10,10
360,Apache,github.com/apache/parquet-cpp,5.2,10,3,-1,0,0,10,10,0,0,10,0,-1,5,0,10,-1,10,10
361,Apache,github.com/apache/jackrabbit-filevault,7.0,10,0,10,0,5,10,10,0,0,10,10,-1,10,7,10,-1,10,10
362,Apache,github.com/apache/thrift,5.8,10,3,10,0,6,10,10,0,10,10,10,-1,2,0,10,0,0,10
363,Apache,github.com/apache/xalan-j,4.2,0,0,-1,0,0,3,10,0,0,10,0,-1,10,0,10,-1,10,10
364,Apache,github.com/apache/struts-maven,5.3,10,0,-1,0,0,10,10,0,0,10,0,-1,10,0,10,-1,10,10
365,Apache,github.com/apache/archiva,5.5,0,3,8,0,2,10,10,10,0,10,10,-1,5,0,10,-1,0,10
366,Apache,github.com/apache/directmemory,5.3,10,0,-1,0,0,10,10,0,0,10,0,-1,10,0,10,-1,10,10
367,Apache,github.com/apache/commons-dbcp,6.6,10,0,10,0,0,10,10,10,0,10,10,-1,7,10,10,-1,0,10
368,Apache,github.com/apache/commons-io,7.2,9,0,10,0,0,10,10,10,0,10,10,-1,7,10,10,-1,9,10
369,Apache,github.com/apache/commons-logging,7.2,10,3,10,0,4,10,10,10,0,10,10,-1,7,10,10,-1,0,10
370,Apache,github.com/apache/geronimo-jaspi,5.1,10,0,-1,0,0,3,10,0,0,10,0,-1,10,0,10,-1,10,10
371,Apache,github.com/apache/jackrabbit,6.1,10,0,-1,0,0,10,10,0,0,10,10,-1,10,0,10,-1,10,10
372,Apache,github.com/apache/cordova-cli,5.1,10,0,9,0,8,10,10,0,0,10,0,-1,7,0,10,-1,0,10
373,Apache,github.com/apache/openejb,4.6,2,0,-1,0,0,10,10,0,0,10,0,-1,10,0,10,-1,10,10
374,Apache,github.com/apache/mesos,6.1,10,3,0,0,7,10,10,0,0,10,7,-1,2,0,10,-1,10,10
375,Apache,github.com/apache/cordova-apache-board-reports,5.2,10,3,0,0,1,10,10,0,0,0,0,-1,10,0,10,-1,10,10
376,Apache,github.com/apache/couchdb-jiffy,5.2,10,0,-1,0,0,6,10,0,0,10,0,-1,10,0,10,-1,10,10
377,Apache,github.com/apache/flex-whiteboard,4.4,0,0,-1,0,0,10,10,0,0,10,0,-1,10,0,10,-1,10,10
378,Apache,github.com/apache/commons-daemon,6.9,10,3,10,0,1,10,10,10,0,10,10,-1,7,10,10,-1,0,10
379,Apache,github.com/apache/velocity-engine,5.8,6,3,8,0,2,10,10,0,0,10,5,-1,10,0,10,-1,10,10
380,Apache,github.com/apache/ant-ivyde,4.4,0,0,-1,0,0,10,10,0,0,10,0,-1,10,0,10,-1,10,10
381,Apache,github.com/apache/incubator-brooklyn,4.7,3,0,4,0,0,10,10,0,0,10,0,-1,10,0,10,-1,10,10
382,Apache,github.com/apache/cordova-plugin-device-motion,4.8,10,0,5,0,4,10,10,0,0,10,1,-1,9,0,10,-1,0,10
383,Apache,github.com/apache/servicemix5,5.3,10,0,-1,0,0,10,10,0,0,10,0,-1,10,0,10,-1,10,10
384,Apache,github.com/apache/myfaces-html5,5.0,10,0,-1,0,0,10,10,0,0,0,0,-1,10,0,10,-1,10,10
385,Apache,github.com/apache/commons-functor,7.1,10,3,0,0,10,10,10,10,0,10,1,-1,10,0,10,-1,10,10
386,Apache,github.com/apache/poi,5.9,0,0,-1,0,0,10,10,10,0,10,10,-1,7,0,10,-1,10,10
387,Apache,github.com/apache/tashi,5.0,10,0,-1,0,0,0,10,0,0,10,0,-1,10,0,10,-1,10,10
388,Apache,github.com/apache/mina,5.3,10,0,-1,0,0,10,10,0,0,10,0,-1,10,0,10,-1,10,10
389,Apache,github.com/apache/archiva-site,5.6,10,3,10,0,0,10,10,10,0,0,3,-1,9,0,10,-1,0,10
390,Apache,github.com/apache/ant-easyant-core,4.9,9,0,0,0,0,6,10,0,0,10,0,-1,10,0,10,-1,10,10
391,Apache,github.com/apache/servicemix,5.3,10,0,5,0,0,10,10,0,0,10,0,-1,10,0,10,-1,10,10
392,Apache,github.com/apache/openjpa,5.2,10,3,6,0,6,10,10,0,0,10,0,-1,9,0,10,-1,0,10
393,Apache,github.com/apache/bigtop,6.5,8,0,8,0,8,10,10,0,0,10,10,-1,7,0,10,-1,10,10
394,Apache,github.com/apache/maven-wagon,4.7,10,0,10,0,0,10,10,0,0,0,5,-1,10,0,10,-1,0,10
395,Apache,github.com/apache/jspwiki,6.7,7,0,10,0,1,0,10,10,0,10,10,-1,7,0,10,10,10,10
396,Apache,github.com/apache/tomcat-native,6.1,10,0,-1,0,0,10,10,0,0,10,10,-1,10,0,10,-1,10,10
397,Apache,github.com/apache/xerces2-j,4.4,0,0,-1,0,0,10,10,0,0,10,0,-1,10,0,10,-1,10,10
398,Apache,github.com/apache/couchdb-mochiweb,4.3,10,0,-1,0,0,10,10,0,0,10,0,-1,7,0,10,-1,0,10
399,Apache,github.com/apache/nuvem,5.3,10,0,-1,0,0,10,10,0,0,10,0,-1,10,0,10,-1,10,10
400,Apache,github.com/apache/ant-antlibs-antunit,4.9,10,0,0,0,0,10,10,0,0,0,0,-1,10,0,10,-1,10,10
401,Apache,github.com/apache/flex-examples,4.7,10,0,-1,0,0,0,10,0,0,0,0,-1,10,0,10,-1,10,10
402,Apache,github.com/apache/incubator-optiq-linq4j,5.3,10,0,-1,0,0,10,10,0,0,10,0,-1,10,0,10,-1,10,10
403,Apache,github.com/apache/commons-proxy,5.5,10,3,-1,0,0,10,10,0,0,10,0,-1,10,0,10,-1,10,10
404,Apache,github.com/apache/commons-csv,6.8,10,0,10,0,3,10,10,10,0,10,10,-1,7,10,10,-1,0,10
405,Apache,github.com/apache/karaf-webconsole,5.3,10,0,-1,0,0,10,10,0,0,10,0,-1,10,0,10,-1,10,10
406,Apache,github.com/apache/cordova-plugin-geolocation,5.4,10,0,9,0,7,10,10,0,0,10,4,-1,9,0,10,-1,0,10
407,Apache,github.com/apache/tomcat-maven-plugin,5.5,10,3,-1,0,0,10,10,0,0,10,0,-1,10,0,10,-1,10,10
408,Apache,github.com/apache/couchdb-documentation,7.0,10,0,10,0,10,10,10,0,0,10,10,-1,10,0,10,-1,10,10
409,Apache,github.com/apache/libcloud,7.3,10,3,10,0,6,10,10,10,0,10,10,-1,7,10,10,-1,0,10
410,Apache,github.com/apache/apr,5.2,10,0,-1,0,0,10,10,0,0,10,10,-1,9,0,10,-1,0,10
411,Apache,github.com/apache/cloudstack-cloudmonkey,5.4,10,3,6,0,6,10,10,0,0,10,0,-1,7,0,10,0,10,10
412,Apache,github.com/apache/struts-site,6.2,10,0,6,0,3,10,10,0,0,10,10,-1,7,0,10,-1,10,10
413,Apache,github.com/apache/myfaces-extcdi,5.4,10,0,0,0,1,10,10,0,0,10,2,-1,10,0,10,-1,10,10
414,Apache,github.com/apache/ace,4.4,0,0,-1,0,0,10,10,0,0,10,0,-1,10,0,10,-1,10,10
415,Apache,github.com/apache/couchdb-b64url,5.8,10,3,9,0,3,10,10,0,0,10,0,-1,9,0,10,-1,10,10
0,CNCF,github.com/in-toto/in-toto,7.0,10,3,10,7,9,10,10,10,0,10,9,-1,9,0,0,10,0,10
1,CNCF,github.com/kedacore/keda,6.2,10,8,10,5,10,10,0,10,0,10,10,-1,0,10,10,0,0,10
2,CNCF,github.com/jaegertracing/jaeger,6.8,10,1,10,5,8,10,10,10,0,10,10,-1,5,10,10,0,0,10
3,CNCF,github.com/fluent/fluentd,7.0,10,-1,-1,5,5,10,10,0,-1,10,10,-1,7,-1,10,-1,0,10
4,CNCF,github.com/cilium/cilium,7.3,10,8,10,5,10,10,0,10,10,10,10,10,0,8,10,-1,0,10
5,CNCF,github.com/kubeedge/kubeedge,5.8,10,3,10,5,6,10,10,0,10,10,10,-1,0,0,10,0,0,10
6,CNCF,github.com/argoproj/argo-workflows,7.2,10,8,10,5,10,10,10,10,0,10,10,10,-1,0,10,0,0,10
7,CNCF,github.com/nats-io/nats-server,6.0,10,6,9,0,9,10,10,0,10,10,10,10,5,0,0,0,0,10
8,CNCF,github.com/thanos-io/thanos,7.5,10,8,10,7,10,10,10,10,0,10,10,-1,5,9,10,0,0,10
9,CNCF,github.com/buildpacks/pack,7.1,10,2,10,0,10,10,10,10,0,10,10,10,7,10,10,0,0,10
10,CNCF,github.com/kyverno/kyverno,7.0,10,8,10,5,10,10,10,10,0,10,10,10,2,0,10,0,0,10
11,CNCF,github.com/cri-o/cri-o,7.5,10,3,10,5,9,10,10,10,10,10,10,-1,5,9,10,0,0,10
12,CNCF,github.com/falcosecurity/falco,6.6,10,2,10,5,10,10,10,0,0,10,10,-1,5,7,10,-1,0,10
13,CNCF,github.com/backstage/backstage,6.6,10,6,10,0,10,10,0,10,0,10,10,10,0,9,10,-1,0,10
14,CNCF,github.com/fluxcd/flux2,7.8,10,8,10,5,10,10,10,0,10,10,10,10,0,9,10,10,0,10
15,CNCF,github.com/operator-framework/operator-sdk,7.7,10,8,10,0,10,10,10,10,0,10,10,10,5,0,10,10,0,10
16,CNCF,github.com/tikv/tikv,6.8,10,8,10,5,10,10,10,0,0,10,10,-1,2,0,0,-1,10,10
17,CNCF,github.com/open-telemetry/community,7.6,10,8,-1,0,10,10,10,0,0,10,10,-1,10,0,10,-1,10,10
18,CNCF,github.com/longhorn/longhorn,5.6,10,8,0,0,7,10,10,0,0,10,10,-1,7,0,0,-1,0,10
19,CNCF,github.com/notaryproject/notary,5.5,10,2,9,0,9,10,10,0,0,10,4,-1,7,0,0,0,10,10
20,CNCF,github.com/projectcontour/contour,7.0,10,8,10,5,10,10,10,0,0,10,10,-1,0,10,10,-1,0,10
21,CNCF,github.com/dragonflyoss/Dragonfly2,7.1,10,6,10,0,10,10,10,10,0,10,10,10,0,10,10,0,0,10
22,CNCF,github.com/keptn/keptn,7.3,10,8,10,2,10,10,10,10,0,10,10,10,0,10,10,0,0,10
23,CNCF,github.com/etcd-io/etcd,6.4,10,3,10,5,10,10,10,0,0,10,10,10,2,10,10,0,0,10
24,CNCF,github.com/kubernetes/kubernetes,6.8,10,3,10,5,8,10,10,0,10,10,10,-1,2,0,10,0,10,10
25,CNCF,github.com/coredns/coredns,7.2,10,3,10,5,9,10,10,10,0,10,10,10,5,10,10,0,0,10
26,CNCF,github.com/knative/serving,5.4,10,3,10,2,10,10,10,0,0,10,10,-1,0,8,0,0,0,10
27,CNCF,github.com/open-policy-agent/opa,7.3,10,8,10,5,8,10,10,10,10,10,10,-1,5,0,10,0,0,10
28,CNCF,github.com/rook/rook,6.7,10,8,10,5,10,10,10,0,0,10,10,-1,5,0,10,-1,0,10
29,CNCF,github.com/prometheus/prometheus,7.5,10,3,10,5,9,10,10,10,10,10,10,-1,5,9,10,0,0,10
30,CNCF,github.com/dapr/dapr,6.8,10,8,10,2,10,10,10,10,0,10,10,10,0,0,10,0,0,10
31,CNCF,github.com/cubeFS/cubefs,5.5,10,8,-1,0,10,6,10,0,0,10,10,-1,2,-1,0,0,0,10
32,CNCF,github.com/cloudevents/spec,5.3,10,0,10,0,6,10,10,0,0,10,10,-1,9,0,0,-1,0,10
33,CNCF,github.com/containernetworking/cni,4.8,10,3,10,2,7,10,10,0,0,10,6,-1,7,0,0,0,0,10
34,CNCF,github.com/volcano-sh/volcano,6.0,10,1,10,5,10,10,10,0,0,10,10,-1,0,10,10,0,0,10
35,CNCF,github.com/vitessio/vitess,6.3,8,2,10,5,10,10,-1,0,10,10,10,-1,-1,0,10,0,-1,10
36,CNCF,github.com/envoyproxy/envoy,7.7,9,8,10,5,10,10,10,10,0,10,10,-1,7,2,10,-1,0,10
37,CNCF,github.com/cilium/tetragon,7.1,9,6,10,0,10,10,10,10,0,10,10,10,5,6,10,0,0,10
38,CNCF,github.com/fluxcd/flagger,6.5,10,6,9,5,10,10,10,0,0,10,10,10,0,10,10,0,0,10
39,CNCF,github.com/containerd/containerd,6.8,10,3,10,5,10,10,10,0,10,10,10,-1,-1,7,10,0,0,10
40,CNCF,github.com/spiffe/spiffe,6.1,10,8,0,0,10,10,10,0,0,10,1,-1,10,0,0,-1,10,10
41,CNCF,github.com/theupdateframework/python-tuf,8.1,10,8,10,10,10,10,10,10,0,10,10,-1,10,10,0,10,0,10
42,CNCF,github.com/emissary-ingress/emissary,7.4,10,8,10,2,10,10,10,10,0,10,10,-1,5,9,0,-1,0,10
43,CNCF,github.com/spiffe/spire,7.7,10,8,-1,5,10,10,10,10,-1,10,10,-1,5,-1,10,0,0,10
44,CNCF,github.com/linkerd/linkerd2,8.0,10,10,10,5,10,10,10,10,10,10,10,-1,5,7,10,0,0,10
45,CNCF,github.com/kubevirt/kubevirt,6.3,10,3,9,5,8,10,10,0,0,10,10,-1,2,0,10,0,10,10
46,CNCF,github.com/cortexproject/cortex,5.4,10,1,10,0,10,10,10,0,0,10,10,-1,2,0,10,0,0,10
47,CNCF,github.com/OpenObservability/OpenMetrics,6.1,10,0,10,0,9,10,10,0,0,10,8,-1,7,0,0,-1,10,10
48,CNCF,github.com/chaos-mesh/chaos-mesh,6.2,10,3,10,2,10,10,10,0,0,10,10,10,0,0,10,-1,0,10
49,CNCF,github.com/goharbor/harbor,7.4,10,10,10,7,10,10,10,0,0,10,10,-1,0,10,10,10,0,10
50,CNCF,github.com/grpc/grpc,6.3,8,3,10,5,10,10,10,0,10,10,10,-1,-1,0,10,0,0,10
51,CNCF,github.com/helm/helm,8.2,10,0,10,5,9,10,10,10,10,10,10,-1,9,9,10,10,0,10
52,CNCF,github.com/crossplane/crossplane,7.1,10,8,10,0,10,10,10,0,10,10,10,-1,7,7,0,-1,0,10
53,CNCF,github.com/cilium/hubble,7.0,10,6,10,0,10,10,10,10,0,10,10,10,7,10,0,0,0,10
54,CNCF,github.com/litmuschaos/litmus,6.9,10,5,10,2,10,10,10,0,0,10,10,-1,5,9,10,-1,0,10
0,Eclipse,github.com/eclipse/microprofile-config,4.8,10,0,8,0,6,10,10,10,0,10,0,-1,9,0,0,0,0,10
1,Eclipse,github.com/eclipse/deeplearning4j,5.9,10,6,1,0,10,10,10,0,0,10,10,10,5,0,0,-1,0,10
2,Eclipse,github.com/eclipse/paho.mqtt-spy,3.8,10,0,0,0,0,3,10,0,0,0,0,-1,10,0,0,0,10,10
3,Eclipse,github.com/eclipse/codewind-installer,6.0,10,6,9,0,10,10,10,0,0,10,0,-1,7,0,0,-1,10,10
4,Eclipse,github.com/eclipse/xtext-gradle,4.4,10,0,-1,0,0,0,10,0,0,10,0,-1,10,0,0,-1,10,10
5,Eclipse,github.com/eclipse/amalgam,5.1,10,0,8,0,1,10,10,0,0,10,2,-1,10,0,0,-1,10,10
6,Eclipse,github.com/eclipse/titan.ProtocolModules.ICMP,4.4,10,0,-1,0,0,0,10,0,0,10,0,-1,10,0,0,-1,10,10
7,Eclipse,github.com/eclipse/kuksa.apps,4.8,10,0,0,0,6,6,10,0,0,10,0,-1,7,0,0,-1,10,10
8,Eclipse,github.com/eclipse/titan.ProtocolModules.ProtoBuff,4.5,10,0,-1,0,0,3,10,0,0,10,0,-1,10,0,0,-1,10,10
9,Eclipse,github.com/eclipse/keyple-ops,4.6,9,0,10,0,0,10,10,0,0,10,0,-1,7,0,0,-1,10,10
10,Eclipse,github.com/eclipse/sw360.website,5.7,10,0,0,0,4,10,10,0,0,10,10,-1,10,0,0,-1,10,10
11,Eclipse,github.com/eclipse/keyple-java-example,4.8,1,0,7,0,3,3,10,0,0,10,8,-1,10,0,0,-1,10,10
12,Eclipse,github.com/eclipse/titan.TestPorts.Common_Components.Abstract_Socket,4.5,10,0,-1,0,0,3,10,0,0,10,0,-1,10,0,0,-1,10,10
13,Eclipse,github.com/eclipse/wakaama,5.9,10,0,10,0,10,10,10,0,0,10,2,-1,7,10,10,-1,0,10
14,Eclipse,github.com/eclipse/keyple-util-java-lib,4.8,9,0,10,0,2,3,10,0,0,10,1,-1,10,0,0,-1,10,10
15,Eclipse,github.com/eclipse/titan.ProtocolModules.UDP,5.0,10,0,-1,0,0,0,10,0,-1,10,0,-1,10,-1,0,-1,10,10
16,Eclipse,github.com/eclipse/dash-licenses,5.9,10,0,0,0,2,10,10,10,0,10,10,-1,7,0,10,-1,0,10
17,Eclipse,github.com/eclipse/emf.egf,4.9,8,0,9,0,5,3,10,0,0,10,0,-1,10,0,0,-1,10,10
18,Eclipse,github.com/eclipse/titan.ProtocolModules.COMMON,4.5,10,0,-1,0,0,3,10,0,0,10,0,-1,10,0,0,-1,10,10
19,Eclipse,github.com/eclipse/keyple-distributed-remote-java-api,4.6,9,0,10,0,0,3,10,0,0,10,0,-1,10,0,0,-1,10,10
20,Eclipse,github.com/eclipse/capella-addons,4.4,10,0,-1,0,0,0,10,0,0,10,0,-1,10,0,0,-1,10,10
21,Eclipse,github.com/eclipse/theia-plugin-packager,5.1,10,0,9,0,8,6,10,0,0,0,0,-1,10,0,0,-1,10,10
22,Eclipse,github.com/eclipse/microprofile-conference,5.3,10,0,0,0,9,10,10,0,0,10,0,-1,10,0,0,-1,10,10
23,Eclipse,github.com/eclipse/californium.core,4.3,10,0,0,0,0,10,10,0,0,0,0,-1,10,0,0,-1,10,10
24,Eclipse,github.com/eclipse/wildwebdeveloper,5.8,10,0,9,0,4,10,10,10,0,10,10,-1,7,0,0,-1,0,10
25,Eclipse,github.com/eclipse/eclipse-collections-kata,4.7,9,0,10,0,6,6,10,0,0,10,6,-1,7,0,0,-1,0,10
26,Eclipse,github.com/eclipse/titan.TestPorts.TCPasp,5.0,10,0,-1,0,0,0,10,0,-1,10,0,-1,10,-1,0,-1,10,10
27,Eclipse,github.com/eclipse/microprofile-health,4.5,10,0,0,0,3,10,10,0,0,10,0,-1,10,0,0,0,10,10
28,Eclipse,github.com/eclipse/paho.mqtt.testing,4.3,10,0,0,0,1,6,10,0,0,0,0,-1,10,0,0,-1,10,10
29,Eclipse,github.com/eclipse/titan.misc,4.6,10,0,0,0,0,10,10,0,0,10,0,-1,10,0,0,-1,10,10
30,Eclipse,github.com/eclipse/andmore,3.9,0,0,0,0,1,10,10,0,0,10,0,-1,10,0,0,-1,10,10
31,Eclipse,github.com/eclipse/iottestware,4.3,10,0,0,0,0,6,10,0,0,10,0,-1,7,0,0,-1,10,10
32,Eclipse,github.com/eclipse/capella-requirements-vp,7.0,10,1,9,0,10,10,10,0,0,10,10,-1,10,9,0,-1,10,10
33,Eclipse,github.com/eclipse/dawnsci,4.9,0,1,10,0,9,10,10,0,0,10,0,-1,10,0,0,-1,10,10
34,Eclipse,github.com/eclipse/microprofile-telemetry,6.1,10,0,4,0,8,10,10,10,0,10,10,-1,9,0,0,-1,0,10
35,Eclipse,github.com/eclipse/hawkbit-clients-golang,4.2,10,0,-1,0,0,0,10,0,0,0,0,-1,10,0,0,-1,10,10
36,Eclipse,github.com/eclipse/sisu.inject,4.6,0,0,10,0,1,10,10,0,0,10,3,-1,9,10,10,-1,0,10
37,Eclipse,github.com/eclipse/titan.ProtocolModules.IMAP_4rev1,4.4,10,0,-1,0,0,0,10,0,0,10,0,-1,10,0,0,-1,10,10
38,Eclipse,github.com/eclipse/upm,4.7,10,0,-1,0,0,10,10,0,0,10,0,-1,10,0,0,-1,10,10
39,Eclipse,github.com/eclipse/keyple-integration-java-test,4.5,9,0,5,0,1,0,10,0,0,10,1,-1,10,0,0,-1,10,10
40,Eclipse,github.com/eclipse/keyple-plugin-pcsc-java-lib,5.3,9,0,7,0,1,3,10,0,-1,10,2,-1,10,-1,0,-1,10,10
41,Eclipse,github.com/eclipse/paho.mqtt.ruby,4.8,10,0,0,0,6,0,10,0,0,10,0,-1,10,0,0,-1,10,10
42,Eclipse,github.com/eclipse/repairnator,4.8,7,0,9,0,8,10,10,0,0,10,0,-1,2,0,0,-1,10,10
43,Eclipse,github.com/eclipse/titan.ProtocolModules.ICMPv6,4.4,10,0,-1,0,0,0,10,0,0,10,0,-1,10,0,0,-1,10,10
44,Eclipse,github.com/eclipse/microprofile-context-propagation,4.6,10,0,0,0,5,10,10,0,0,10,0,-1,10,0,0,0,10,10
45,Eclipse,github.com/eclipse/january,4.4,10,3,9,0,2,10,10,0,0,10,0,-1,9,0,0,-1,0,10
46,Eclipse,github.com/eclipse/keyple,5.5,10,6,0,0,8,3,10,0,0,10,0,-1,10,0,0,-1,10,10
47,Eclipse,github.com/eclipse/sprotty-theia,5.4,10,0,7,0,7,10,10,0,0,10,0,-1,10,0,0,-1,10,10
48,Eclipse,github.com/eclipse/codewind-wiki,4.6,10,0,0,0,6,3,10,0,0,0,0,-1,10,0,0,-1,10,10
49,Eclipse,github.com/eclipse/nebula,4.4,6,0,10,0,3,10,10,0,0,10,10,-1,9,0,0,0,0,10
50,Eclipse,github.com/eclipse/paho.mqtt.android,4.4,9,0,5,0,1,6,10,0,0,0,0,-1,10,0,0,-1,10,10
51,Eclipse,github.com/eclipse/keyple-service-resource-cpp-lib,4.6,10,0,-1,0,0,0,10,0,0,10,2,-1,10,0,0,-1,10,10
52,Eclipse,github.com/eclipse/iottestware.fuzzing,3.8,10,0,0,0,1,0,10,0,0,0,0,-1,10,0,0,0,10,10
53,Eclipse,github.com/eclipse/microprofile-rest-client,5.1,10,0,0,0,5,10,10,0,0,10,1,-1,10,0,0,-1,10,10
54,Eclipse,github.com/eclipse/californium.scandium,4.3,10,0,0,0,0,10,10,0,0,0,0,-1,10,0,0,-1,10,10
55,Eclipse,github.com/eclipse/kiso-testing-vscode,5.0,10,0,10,0,5,0,10,0,0,10,0,-1,10,0,0,-1,10,10
56,Eclipse,github.com/eclipse/jnosql,4.5,10,0,10,0,0,10,10,0,0,10,10,-1,9,0,0,0,0,10
57,Eclipse,github.com/eclipse/titan.ProtocolModules.SNMP,4.7,10,0,-1,0,0,0,10,0,-1,10,0,-1,10,0,0,-1,10,10
58,Eclipse,github.com/eclipse/jnosql-communication-driver,4.8,10,0,10,0,1,10,10,0,0,10,10,-1,7,0,0,-1,0,10
59,Eclipse,github.com/eclipse/n4js-tutorials,4.7,10,0,0,0,5,0,10,0,0,10,0,-1,10,0,0,-1,10,10
60,Eclipse,github.com/eclipse/capella-releng-parent,4.4,10,0,-1,0,0,0,10,0,0,10,0,-1,10,0,0,-1,10,10
61,Eclipse,github.com/eclipse/titan.Libraries.TCCUsefulFunctions,4.4,10,0,0,0,0,3,10,0,0,10,0,-1,10,0,0,-1,10,10
62,Eclipse,github.com/eclipse/www.eclipse.org-collections,4.4,10,0,-1,0,0,0,10,0,0,10,0,-1,10,0,0,-1,10,10
63,Eclipse,github.com/eclipse/keyple-service-java-lib,5.1,9,0,8,0,2,3,10,0,0,10,5,-1,10,0,0,-1,10,10
64,Eclipse,github.com/eclipse/lsp4e,6.9,10,0,9,0,6,10,10,10,0,10,10,-1,10,0,0,-1,10,10
65,Eclipse,github.com/eclipse/mraa,6.2,10,0,4,0,8,10,10,0,0,10,10,-1,10,0,0,-1,10,10
66,Eclipse,github.com/eclipse/elk-models,5.0,10,0,0,0,3,10,10,0,0,10,2,-1,10,0,0,-1,10,10
67,Eclipse,github.com/eclipse/org.aspectj,3.8,0,0,7,0,3,10,10,10,0,10,0,-1,7,0,0,0,0,10
68,Eclipse,github.com/eclipse/org.eclipse.riena,3.8,0,0,-1,0,0,6,10,0,0,10,0,-1,10,0,0,-1,10,10
69,Eclipse,github.com/eclipse/ditto,6.0,10,0,10,0,8,10,10,0,0,10,10,10,5,0,10,-1,0,10
70,Eclipse,github.com/eclipse/microprofile-service-mesh-service-a,4.8,10,0,0,0,8,10,10,0,0,10,0,-1,2,0,0,-1,10,10
71,Eclipse,github.com/eclipse/titan.TestPorts.UDPasp,4.4,10,0,-1,0,0,0,10,0,0,10,0,-1,10,0,0,-1,10,10
72,Eclipse,github.com/eclipse/microprofile-jwt-auth,4.6,10,0,7,0,6,10,10,0,0,10,7,-1,9,0,0,0,0,10
73,Eclipse,github.com/eclipse/mosaic.website,5.2,10,0,-1,0,0,10,10,0,0,10,6,-1,10,0,0,-1,10,10
74,Eclipse,github.com/eclipse/gsc-ec-converter,4.6,9,0,0,0,3,3,10,0,0,10,0,-1,10,0,0,-1,10,10
75,Eclipse,github.com/eclipse/richbeans,4.9,10,3,10,0,2,10,10,0,0,10,0,-1,10,0,0,0,10,10
76,Eclipse,github.com/eclipse/titan.ProtocolModules.IUA,4.7,10,0,-1,0,0,0,10,0,-1,10,0,-1,10,0,0,-1,10,10
77,Eclipse,github.com/eclipse/lemminx,6.3,9,3,10,0,8,10,10,0,0,10,10,-1,9,9,0,0,9,10
78,Eclipse,github.com/eclipse/edje,5.1,10,0,0,0,8,3,10,0,0,10,0,-1,10,0,0,-1,10,10
79,Eclipse,github.com/eclipse/gemoc-studio-moccml,5.2,10,0,-1,0,3,6,10,0,0,10,1,-1,10,-1,0,-1,10,10
80,Eclipse,github.com/eclipse/titan.TestPorts.LDAPasp_RFC4511,5.0,10,0,-1,0,0,0,10,0,-1,10,0,-1,10,-1,0,-1,10,10
81,Eclipse,github.com/eclipse/kapua,4.9,10,0,10,0,7,10,10,0,0,10,10,-1,0,0,0,-1,0,10
82,Eclipse,github.com/eclipse/iottestware.performance,4.5,10,0,0,0,2,0,10,0,0,10,0,-1,10,0,0,-1,10,10
83,Eclipse,github.com/eclipse/chemclipse,4.5,0,0,10,0,1,10,10,0,0,10,10,-1,7,0,10,-1,0,10
84,Eclipse,github.com/eclipse/titan.ProtocolModules.DIAMETER_ProtocolModule_Generator,4.5,10,0,-1,0,0,3,10,0,0,10,0,-1,10,0,0,-1,10,10
85,Eclipse,github.com/eclipse/score,4.4,10,0,-1,0,0,0,10,0,0,10,0,-1,10,0,0,-1,10,10
86,Eclipse,github.com/eclipse/che-che4z-lsp-for-hlasm,3.6,10,0,-1,0,0,6,0,0,0,10,10,-1,7,0,10,0,0,10
87,Eclipse,github.com/eclipse/titan.TestPorts.SUNRPCasp,4.7,10,0,-1,0,0,0,10,0,-1,10,0,-1,10,0,0,-1,10,10
88,Eclipse,github.com/eclipse/transformer,7.4,5,0,10,0,6,10,10,10,0,10,10,-1,9,7,10,-1,10,10
89,Eclipse,github.com/eclipse/paho.mqtt.d,4.5,10,0,-1,0,0,3,10,0,0,10,0,-1,10,0,0,-1,10,10
90,Eclipse,github.com/eclipse/org.eclipse.emf.diffmerge.core,6.0,10,0,9,0,4,10,10,0,0,10,10,-1,10,0,0,-1,10,10
91,Eclipse,github.com/eclipse/keyple-card-generic-java-lib,4.7,9,0,10,0,1,3,10,0,0,10,0,-1,10,0,0,-1,10,10
92,Eclipse,github.com/eclipse/che-theia-activity-tracker,4.5,10,0,0,0,6,0,10,0,0,0,0,-1,10,0,0,-1,10,10
93,Eclipse,github.com/eclipse/oneofour,4.8,10,0,10,0,0,6,10,0,0,10,0,-1,10,0,0,-1,10,10
94,Eclipse,github.com/eclipse/codewind-node-profiler,5.9,10,6,0,0,10,10,10,0,0,10,0,-1,10,0,0,-1,10,10
95,Eclipse,github.com/eclipse/lsp4jakarta,4.8,10,0,8,0,10,10,10,0,0,10,0,-1,9,0,0,-1,0,10
96,Eclipse,github.com/eclipse/titan.ProtocolModules.IP,4.5,10,0,-1,0,0,3,10,0,0,10,0,-1,10,0,0,-1,10,10
97,Eclipse,github.com/eclipse/xacc,4.8,10,0,10,0,2,10,10,0,0,10,10,10,0,0,0,-1,0,10
98,Eclipse,github.com/eclipse/ceylon-lang.org,4.8,10,0,0,0,2,10,10,0,0,10,0,-1,10,0,0,-1,10,10
99,Eclipse,github.com/eclipse/keyple-plugin-cpp-api,4.4,10,0,-1,0,0,0,10,0,0,10,0,-1,10,0,0,-1,10,10
100,Eclipse,github.com/eclipse/kiso-testing,4.8,10,0,10,0,9,0,10,0,0,10,10,-1,0,0,0,-1,0,10
101,Eclipse,github.com/eclipse/orion.electron,4.4,10,0,-1,0,0,0,10,0,0,10,0,-1,10,0,0,-1,10,10
102,Eclipse,github.com/eclipse/microprofile-service-mesh,5.4,10,0,0,0,10,10,10,0,0,10,0,-1,10,0,0,-1,10,10
103,Eclipse,github.com/eclipse/dartboard,4.8,10,0,4,0,3,10,10,0,0,10,0,-1,7,0,0,-1,10,10
104,Eclipse,github.com/eclipse/titan.TestPorts.SQLasp,5.0,10,0,-1,0,0,0,10,0,-1,10,0,-1,10,-1,0,-1,10,10
105,Eclipse,github.com/eclipse/paho.mqtt.m2mqtt,4.7,10,0,0,0,1,10,10,0,0,10,0,-1,10,0,0,-1,10,10
106,Eclipse,github.com/eclipse/kura-apps,4.4,10,0,-1,0,0,0,10,0,0,10,0,-1,10,0,0,-1,10,10
107,Eclipse,github.com/eclipse/ice,4.5,9,0,0,0,0,10,10,0,0,10,0,-1,10,0,0,-1,10,10
108,Eclipse,github.com/eclipse/jemo,5.1,9,0,0,0,10,6,10,0,0,10,0,-1,7,0,0,-1,10,10
109,Eclipse,github.com/eclipse/titan.ProtocolModules.M3UA,4.3,10,0,0,0,0,0,10,0,0,10,0,-1,10,0,0,-1,10,10
110,Eclipse,github.com/eclipse/microprofile-build-infra,5.2,9,0,0,0,5,10,10,0,0,10,4,-1,10,0,0,-1,10,10
111,Eclipse,github.com/eclipse/org.eclipse.emf.diffmerge.patch,4.9,10,0,-1,-1,0,10,10,0,0,10,0,-1,10,0,0,-1,10,10
112,Eclipse,github.com/eclipse/titan.ProtocolModules.RADIUS_ProtocolModule_Generator,4.4,10,0,-1,0,0,0,10,0,0,10,0,-1,10,0,0,-1,10,10
113,Eclipse,github.com/eclipse/xtext-core,6.7,6,3,10,0,7,10,10,0,0,10,10,-1,10,0,10,-1,10,10
114,Eclipse,github.com/eclipse/hawkbit-extensions,4.3,10,0,8,0,6,10,10,0,0,10,0,-1,7,0,0,-1,0,10
115,Eclipse,github.com/eclipse/tm4e,5.8,10,0,10,0,5,10,10,10,0,10,10,-1,5,0,0,-1,0,10
116,Eclipse,github.com/eclipse/sprotty,6.2,10,0,7,0,8,10,10,0,0,10,9,-1,10,0,0,-1,10,10
117,Eclipse,github.com/eclipse/capella-tools,5.0,10,6,0,0,1,3,10,0,0,10,0,-1,10,0,0,-1,10,10
118,Eclipse,github.com/eclipse/titan.TestPorts.Common_Components.Socket-API,4.4,10,0,-1,0,0,0,10,0,0,10,0,-1,10,0,0,-1,10,10
119,Eclipse,github.com/eclipse/thingweb.node-wot,5.9,10,0,10,0,10,10,10,0,0,10,10,-1,5,0,10,-1,0,10
120,Eclipse,github.com/eclipse/keyple-distributed-local-java-lib,4.6,9,0,10,0,0,3,10,0,0,10,0,-1,10,0,0,-1,10,10
121,Eclipse,github.com/eclipse/che-theia-vi-plugin,4.4,10,0,-1,0,0,0,10,0,0,10,0,-1,10,0,0,-1,10,10
122,Eclipse,github.com/eclipse/keti,5.1,10,0,8,0,6,3,10,0,0,10,0,-1,10,0,0,-1,10,10
123,Eclipse,github.com/eclipse/january-forms,4.8,6,3,10,0,0,10,10,0,0,10,0,-1,10,0,0,-1,10,10
124,Eclipse,github.com/eclipse/titan.TestPorts.SSHCLIENTasp,4.5,10,0,-1,0,0,3,10,0,0,10,0,-1,10,0,0,-1,10,10
125,Eclipse,github.com/eclipse/gemini.blueprint,4.0,4,0,-1,0,0,3,10,0,0,10,0,-1,10,0,0,-1,10,10
126,Eclipse,github.com/eclipse/codewind-openapi-vscode,6.1,10,6,9,0,10,10,10,0,0,10,0,-1,10,0,0,-1,10,10
127,Eclipse,github.com/eclipse/keyple-plugin-java-api,4.7,9,0,10,0,1,3,10,0,0,10,0,-1,10,0,0,-1,10,10
128,Eclipse,github.com/eclipse/titan.ProtocolModules.FrameRelay,4.4,10,0,-1,0,0,0,10,0,0,10,0,-1,10,0,0,-1,10,10
129,Eclipse,github.com/eclipse/capella-textual-editor,5.9,10,6,3,0,10,3,10,0,0,10,0,-1,10,3,0,-1,10,10
130,Eclipse,github.com/eclipse/titan.ProtocolModules.PPP,4.3,10,0,0,0,0,0,10,0,0,10,0,-1,10,0,0,-1,10,10
131,Eclipse,github.com/eclipse/titan.ProtocolModules.RTSP,4.4,10,0,-1,0,0,0,10,0,0,10,0,-1,10,0,0,-1,10,10
132,Eclipse,github.com/eclipse/omr,5.0,10,3,0,0,10,10,10,0,0,10,10,-1,5,0,0,0,0,10
133,Eclipse,github.com/eclipse/jnosql-mapping-extension,4.7,10,0,4,0,1,10,10,0,0,10,10,-1,9,0,0,-1,0,10
134,Eclipse,github.com/eclipse/capella-deferred-merge,5.9,10,6,8,0,8,0,10,0,0,10,0,-1,10,5,0,-1,10,10
135,Eclipse,github.com/eclipse/titan.ProtocolModules.RTP,4.5,10,0,-1,0,0,3,10,0,0,10,0,-1,10,0,0,-1,10,10
136,Eclipse,github.com/eclipse/xtext-eclipse,6.2,3,3,8,0,5,10,10,0,0,10,10,-1,10,0,10,-1,10,10
137,Eclipse,github.com/eclipse/microprofile-evolution-process,5.0,10,0,0,0,5,10,10,0,0,10,0,-1,10,0,0,-1,10,10
138,Eclipse,github.com/eclipse/jetty.project,6.5,0,1,10,0,9,10,10,10,0,10,10,-1,7,9,10,-1,0,10
139,Eclipse,github.com/eclipse/pdt,3.7,0,3,9,0,4,10,10,0,0,10,0,-1,9,0,0,-1,0,10
140,Eclipse,github.com/eclipse/jetty.docker,6.9,10,0,10,0,7,10,10,10,0,10,10,-1,7,0,0,-1,10,10
141,Eclipse,github.com/eclipse/efbt,5.6,10,0,1,0,5,3,10,0,0,10,10,-1,10,0,0,-1,10,10
142,Eclipse,github.com/eclipse/hono,5.3,10,0,10,0,4,10,10,0,0,10,10,-1,2,0,10,-1,0,10
143,Eclipse,github.com/eclipse/microprofile-open-api,5.5,10,0,10,0,8,10,10,0,0,10,10,-1,9,0,0,-1,0,10
144,Eclipse,github.com/eclipse/xtext,6.4,10,3,0,0,3,10,10,0,0,10,10,-1,10,0,10,-1,10,10
145,Eclipse,github.com/eclipse/elk,5.4,10,0,9,0,6,10,10,0,0,10,5,-1,9,0,10,-1,0,10
146,Eclipse,github.com/eclipse/keyple-common-cpp-api,4.4,10,0,-1,0,0,0,10,0,0,10,0,-1,10,0,0,-1,10,10
147,Eclipse,github.com/eclipse/titan.ProtocolModules.L2TP,5.0,10,0,-1,0,0,0,10,0,-1,10,0,-1,10,-1,0,-1,10,10
148,Eclipse,github.com/eclipse/keyple-java,4.9,0,6,9,0,10,10,10,0,0,10,0,-1,10,0,0,0,10,10
149,Eclipse,github.com/eclipse/paho.mqtt.java,5.1,10,0,5,0,7,10,10,0,0,10,10,-1,7,0,0,-1,0,10
150,Eclipse,github.com/eclipse/keyple-plugin-stub-cpp-lib,4.5,10,0,-1,0,0,0,10,0,0,10,1,-1,10,0,0,-1,10,10
151,Eclipse,github.com/eclipse/lyo.designer,4.9,10,0,9,0,4,10,10,0,-1,10,4,-1,9,0,0,-1,0,10
152,Eclipse,github.com/eclipse/codewind-appsody-extension,6.2,10,6,10,0,10,10,10,0,0,10,0,-1,10,0,0,-1,10,10
153,Eclipse,github.com/eclipse/capella-studio,6.6,10,6,0,0,10,10,10,0,0,10,5,-1,10,6,0,-1,10,10
154,Eclipse,github.com/eclipse/microprofile-fault-tolerance,4.4,10,0,9,0,5,10,10,0,0,10,0,-1,9,0,0,-1,0,10
155,Eclipse,github.com/eclipse/titan.TestPorts.LANL2asp,4.4,10,0,-1,0,0,0,10,0,0,10,0,-1,10,0,0,-1,10,10
156,Eclipse,github.com/eclipse/ceylon-ide-eclipse,4.4,6,0,-1,0,0,10,10,0,0,10,0,-1,10,0,0,-1,10,10
157,Eclipse,github.com/eclipse/buildship,3.9,0,0,2,0,2,10,10,0,0,10,10,-1,9,0,0,-1,0,10
158,Eclipse,github.com/eclipse/sequoyah,3.6,0,0,-1,0,0,0,10,0,0,10,0,-1,10,0,0,-1,10,10
159,Eclipse,github.com/eclipse/aspectj.eclipse.jdt.core,4.0,0,0,0,0,7,10,10,10,0,10,0,-1,9,0,0,0,0,10
160,Eclipse,github.com/eclipse/concierge,4.5,4,0,9,0,2,10,10,0,0,10,0,-1,10,0,0,-1,10,10
161,Eclipse,github.com/eclipse/birt-website,3.2,10,3,6,0,3,10,0,0,0,10,0,-1,7,0,0,-1,0,10
162,Eclipse,github.com/eclipse/thingweb.website,3.7,9,0,0,0,4,3,10,0,0,10,0,-1,7,0,0,-1,0,10
163,Eclipse,github.com/eclipse/reddeer,4.5,10,3,9,0,0,10,10,0,0,10,9,-1,7,0,0,0,0,10
164,Eclipse,github.com/eclipse/paho.mqtt.c,4.3,10,0,10,0,0,10,10,0,0,10,10,-1,7,0,0,0,0,10
165,Eclipse,github.com/eclipse/editdor,3.5,10,0,0,0,3,6,10,0,0,0,0,-1,7,0,0,-1,0,10
166,Eclipse,github.com/eclipse/keyple-card-calypso-cpp-lib,4.9,10,0,-1,0,0,0,10,0,0,10,5,-1,10,0,0,-1,10,10
167,Eclipse,github.com/eclipse/kitalpha,5.5,0,0,0,0,9,10,10,0,0,10,5,-1,10,10,0,-1,10,10
168,Eclipse,github.com/eclipse/orion.server.node,4.4,10,0,-1,0,0,0,10,0,0,10,0,-1,10,0,0,-1,10,10
169,Eclipse,github.com/eclipse/titan.ProtocolModules.SRTP,4.4,10,0,-1,0,0,0,10,0,0,10,0,-1,10,0,0,-1,10,10
170,Eclipse,github.com/eclipse/orion.server,3.8,0,0,0,0,0,10,10,0,0,10,0,-1,10,0,0,-1,10,10
171,Eclipse,github.com/eclipse/capella-basic-vp,6.4,10,0,9,0,9,6,10,0,0,10,5,-1,10,9,0,-1,10,10
172,Eclipse,github.com/eclipse/paho.mqtt.python,4.0,10,0,10,0,0,10,10,0,0,10,0,-1,9,0,0,-1,0,10
173,Eclipse,github.com/eclipse/hono-extras,4.1,10,0,1,0,6,3,10,0,0,10,0,-1,9,0,0,-1,0,10
174,Eclipse,github.com/eclipse/lyo.oslc-ui,3.3,0,0,6,0,5,10,10,0,0,0,1,-1,9,0,0,-1,0,10
175,Eclipse,github.com/eclipse/codewind-filewatchers,5.3,0,6,8,0,10,10,10,0,0,10,0,-1,10,0,0,-1,10,10
176,Eclipse,github.com/eclipse/aCute,4.5,10,0,2,0,0,10,10,0,0,10,0,-1,7,0,0,-1,10,10
177,Eclipse,github.com/eclipse/omr.website,5.2,10,0,0,0,8,10,10,0,0,10,0,-1,10,0,0,-1,10,10
178,Eclipse,github.com/eclipse/eclipse-collections,6.2,10,0,10,0,8,10,10,10,0,10,10,-1,7,0,0,-1,0,10
179,Eclipse,github.com/eclipse/mita,4.9,5,3,2,0,9,3,10,0,0,10,0,-1,7,0,0,-1,10,10
180,Eclipse,github.com/eclipse/microprofile-reactive-messaging,4.5,10,0,10,0,5,10,10,0,0,10,5,-1,9,0,0,0,0,10
181,Eclipse,github.com/eclipse/capella-cybersecurity,6.1,10,6,4,0,10,10,10,0,0,10,0,-1,10,2,0,-1,10,10
182,Eclipse,github.com/eclipse/keyple-cpp-meta,4.7,10,0,0,0,2,0,10,0,0,0,6,-1,10,0,0,-1,10,10
183,Eclipse,github.com/eclipse/che-theia-emacs-plugin,4.4,10,0,-1,0,0,0,10,0,0,10,0,-1,10,0,0,-1,10,10
184,Eclipse,github.com/eclipse/aaspe,3.5,9,0,-1,0,0,6,10,0,0,10,0,-1,7,0,0,-1,0,10
185,Eclipse,github.com/eclipse/steady,5.1,0,0,5,5,6,10,10,0,0,10,7,-1,7,0,10,0,10,10
186,Eclipse,github.com/eclipse/gmf-notation,4.7,10,0,-1,0,0,10,10,0,0,10,0,-1,10,0,0,-1,10,10
187,Eclipse,github.com/eclipse/lyo.docs,5.1,9,0,0,0,1,10,10,0,0,10,6,-1,10,0,0,-1,10,10
188,Eclipse,github.com/eclipse/titan.TestPorts.IPL4asp,4.8,10,0,-1,0,0,3,10,0,-1,10,0,-1,10,0,0,-1,10,10
189,Eclipse,github.com/eclipse/jifa,6.1,9,6,-1,0,6,10,10,10,0,10,10,-1,7,-1,0,0,0,10
190,Eclipse,github.com/eclipse/org.eclipse.emf.diffmerge.patterns,4.5,10,0,-1,0,0,3,10,0,0,10,0,-1,10,0,0,-1,10,10
191,Eclipse,github.com/eclipse/kuksa.website,5.5,10,0,0,0,1,10,10,0,0,10,10,-1,10,0,0,-1,10,10
192,Eclipse,github.com/eclipse/ceylon-herd,4.0,5,0,-1,0,0,0,10,0,0,10,0,-1,10,0,0,-1,10,10
193,Eclipse,github.com/eclipse/theia-generator-plugin,5.5,10,0,9,0,9,6,10,0,0,10,0,-1,10,0,0,-1,10,10
194,Eclipse,github.com/eclipse/hawkbit-examples,4.1,10,0,8,0,3,10,10,0,0,10,0,-1,7,0,0,-1,0,10
195,Eclipse,github.com/eclipse/xtext-umbrella,6.6,8,3,8,0,7,10,10,0,0,10,10,-1,7,0,10,-1,10,10
196,Eclipse,github.com/eclipse/sprotty-vscode,5.3,9,0,0,0,6,10,10,0,0,10,4,-1,10,0,0,-1,10,10
197,Eclipse,github.com/eclipse/microprofile-bom,4.6,10,0,0,0,5,10,10,0,0,10,0,-1,10,0,0,0,10,10
198,Eclipse,github.com/eclipse/titan.TestPorts.LDAPmsg-,4.4,10,0,-1,0,0,0,10,0,0,10,0,-1,10,0,0,-1,10,10
199,Eclipse,github.com/eclipse/emf-transaction,5.1,10,0,-1,0,0,10,10,0,0,10,5,-1,10,0,0,-1,10,10
200,Eclipse,github.com/eclipse/microprofile-parent,5.0,10,0,0,0,5,10,10,0,0,10,0,-1,10,0,0,-1,10,10
201,Eclipse,github.com/eclipse/microprofile-lra,5.1,10,0,0,0,6,10,10,0,0,10,0,-1,10,0,0,-1,10,10
202,Eclipse,github.com/eclipse/microprofile-graphql,6.4,10,0,10,0,10,10,10,10,0,10,10,-1,9,0,0,-1,0,10
203,Eclipse,github.com/eclipse/orion,4.4,10,0,-1,0,0,10,10,0,0,0,0,-1,10,0,0,-1,10,10
204,Eclipse,github.com/eclipse/keyple-util-cpp-lib,4.7,10,0,-1,0,0,0,10,0,0,10,3,-1,10,0,0,-1,10,10
205,Eclipse,github.com/eclipse/unide.java,4.6,10,0,0,0,3,0,10,0,0,10,0,-1,10,0,0,-1,10,10
206,Eclipse,github.com/eclipse/swtchart,5.4,10,0,10,0,2,10,10,0,0,10,10,-1,7,0,10,-1,0,10
207,Eclipse,github.com/eclipse/hara-ddiclient,4.7,9,0,4,0,7,3,10,0,0,10,10,-1,5,0,0,-1,0,10
208,Eclipse,github.com/eclipse/titan.TestPorts.PCAPasp,4.4,10,0,-1,0,0,0,10,0,0,10,0,-1,10,0,0,-1,10,10
209,Eclipse,github.com/eclipse/iottestware.mqtt,4.5,10,0,0,0,0,6,10,0,0,10,0,-1,10,0,0,-1,10,10
210,Eclipse,github.com/eclipse/gmf-runtime,3.9,0,0,0,0,0,10,10,0,0,10,2,-1,10,0,0,-1,10,10
211,Eclipse,github.com/eclipse/sisu.plexus,4.6,8,0,6,0,0,10,10,0,0,10,0,-1,9,7,10,-1,0,10
212,Eclipse,github.com/eclipse/unide,4.5,10,0,-1,0,0,3,10,0,0,10,0,-1,10,0,0,-1,10,10
213,Eclipse,github.com/eclipse/codewind-intellij,6.1,9,6,9,0,10,10,10,0,0,10,0,-1,10,0,0,-1,10,10
214,Eclipse,github.com/eclipse/xsemantics,4.6,9,0,10,0,1,3,10,0,0,10,10,-1,9,0,0,-1,0,10
215,Eclipse,github.com/eclipse/ditto-clients-python,5.2,10,0,0,0,10,3,10,0,0,10,0,-1,10,0,0,-1,10,10
216,Eclipse,github.com/eclipse/org.eclipse.riena.old,4.5,9,0,-1,0,0,6,10,0,-1,0,0,-1,10,0,0,-1,10,10
217,Eclipse,github.com/eclipse/lsp4mp,6.0,7,0,9,0,9,10,10,0,0,10,10,-1,7,0,0,-1,10,10
218,Eclipse,github.com/eclipse/kuksa.val.services,5.8,10,0,9,0,8,3,10,10,0,10,10,10,0,9,0,0,0,10
219,Eclipse,github.com/eclipse/eclipse.github.com,4.8,10,0,0,0,0,10,10,0,-1,0,0,-1,10,-1,0,-1,10,10
220,Eclipse,github.com/eclipse/paho.mqtt.cpp,4.6,10,0,10,0,0,10,10,0,0,0,0,-1,10,0,0,-1,10,10
221,Eclipse,github.com/eclipse/titan.ProtocolModules.IKEv2,4.4,10,0,-1,0,0,0,10,0,0,10,0,-1,10,0,0,-1,10,10
222,Eclipse,github.com/eclipse/scanning,4.9,2,3,10,0,6,10,10,0,0,10,0,-1,10,0,0,-1,10,10
223,Eclipse,github.com/eclipse/ditto-examples,5.5,10,0,0,0,4,10,10,0,0,10,7,-1,10,0,0,-1,10,10
224,Eclipse,github.com/eclipse/cloe,5.0,10,0,10,0,10,6,10,0,0,10,10,-1,0,0,0,-1,0,10
225,Eclipse,github.com/eclipse/deeplearning4j-examples,4.8,9,0,0,0,5,10,10,0,0,10,10,-1,7,0,0,-1,0,10
226,Eclipse,github.com/eclipse/poosl,4.0,10,0,10,0,2,6,10,0,0,10,1,-1,7,0,0,-1,0,10
227,Eclipse,github.com/eclipse/tiaki-java,3.9,3,0,-1,0,0,0,10,0,0,10,0,-1,10,0,0,-1,10,10
228,Eclipse,github.com/eclipse/californium,5.7,9,0,0,0,0,10,10,0,0,10,10,-1,7,0,10,-1,10,10
229,Eclipse,github.com/eclipse/microprofile,5.0,10,0,-1,0,5,10,10,0,0,10,0,-1,10,-1,0,0,10,10
230,Eclipse,github.com/eclipse/capella,6.7,0,6,9,0,10,10,10,0,0,10,10,-1,10,10,0,-1,10,10
231,Eclipse,github.com/eclipse/kura,5.5,0,0,10,0,10,10,10,0,0,10,10,-1,5,6,10,-1,0,10
232,Eclipse,github.com/eclipse/eclipsefuro,5.6,10,0,0,0,6,6,10,0,0,10,10,-1,7,0,0,-1,10,10
233,Eclipse,github.com/eclipse/dirigible-samples,4.6,10,0,0,0,2,3,10,0,0,10,0,-1,10,0,0,-1,10,10
234,Eclipse,github.com/eclipse/n4js,5.8,8,0,0,0,7,10,10,0,0,10,10,-1,10,0,0,-1,10,10
235,Eclipse,github.com/eclipse/tinydtls,5.0,10,0,0,0,6,10,10,0,0,10,10,-1,9,0,0,-1,0,10
236,Eclipse,github.com/eclipse/paho.mqtt.embedded-c,4.7,10,0,10,0,1,10,10,0,0,0,0,-1,10,0,0,-1,10,10
237,Eclipse,github.com/eclipse/keyple-card-calypso-java-lib,5.3,9,0,8,0,6,3,10,0,0,10,3,-1,10,0,0,-1,10,10
238,Eclipse,github.com/eclipse/keyple-plugin-android-omapi-java-lib,4.5,8,0,6,0,1,0,10,0,0,10,1,-1,10,0,0,-1,10,10
239,Eclipse,github.com/eclipse/codewind,5.8,9,6,9,0,10,10,10,0,0,10,0,-1,-1,0,0,-1,10,10
240,Eclipse,github.com/eclipse/titan.TestPorts.STDINOUTmsg,4.4,10,0,-1,0,0,0,10,0,0,10,0,-1,10,0,0,-1,10,10
241,Eclipse,github.com/eclipse/capella-sss-transition,7.4,10,6,9,0,10,10,10,0,0,10,10,-1,10,9,0,-1,10,10
242,Eclipse,github.com/eclipse/sparkplug,5.6,7,0,0,0,7,6,10,0,0,10,10,-1,10,0,0,-1,10,10
243,Eclipse,github.com/eclipse/xtext-maven,6.7,10,3,9,0,5,10,10,0,0,10,8,-1,10,0,10,-1,10,10
244,Eclipse,github.com/eclipse/shellwax,6.2,10,0,10,0,0,10,10,10,0,10,10,-1,9,0,10,-1,0,10
245,Eclipse,github.com/eclipse/vorto,5.1,10,0,0,0,5,10,10,0,0,10,3,-1,7,0,0,-1,10,10
246,Eclipse,github.com/eclipse/streamsheets,5.1,10,0,-1,0,3,10,10,0,0,10,0,-1,7,-1,0,-1,10,10
247,Eclipse,github.com/eclipse/microprofile-metrics,5.8,10,0,0,0,10,10,10,0,0,10,10,-1,10,0,0,0,10,10
248,Eclipse,github.com/eclipse/vorto-examples,4.9,9,0,8,0,4,10,10,0,0,10,0,-1,7,0,0,-1,10,10
249,Eclipse,github.com/eclipse/che-che4z-lsp-for-cobol,6.0,10,0,9,0,9,10,10,0,0,10,10,-1,7,9,10,0,0,10
250,Eclipse,github.com/eclipse/titan.ProtocolModules.SMTP,4.4,10,0,-1,0,0,0,10,0,0,10,0,-1,10,0,0,-1,10,10
251,Eclipse,github.com/eclipse/titan.ProtocolModules.WebSocket,4.4,10,0,-1,0,0,0,10,0,0,10,0,-1,10,0,0,-1,10,10
252,Eclipse,github.com/eclipse/jemo-website,4.2,10,0,-1,0,0,3,10,0,0,0,0,-1,10,0,0,-1,10,10
253,Eclipse,github.com/eclipse/titan.ProtocolModules.MSRP,4.4,10,0,-1,0,0,0,10,0,0,10,0,-1,10,0,0,-1,10,10
254,Eclipse,github.com/eclipse/sisu.mojos,4.9,9,0,8,0,1,10,10,0,0,10,0,-1,9,8,10,-1,0,10
255,Eclipse,github.com/eclipse/titan.ProtocolModules.HTTP2.0,4.4,10,0,-1,0,0,0,10,0,0,10,0,-1,10,0,0,-1,10,10
256,Eclipse,github.com/eclipse/Xpect,7.1,10,-1,-1,0,5,-1,10,0,-1,10,1,-1,10,-1,10,-1,10,10
257,Eclipse,github.com/eclipse/keyple-plugin-android-nfc-java-lib,4.8,9,0,8,0,1,6,10,0,0,10,1,-1,10,0,0,-1,10,10
258,Eclipse,github.com/eclipse/titan.TestPorts.LDAPmsg,5.0,10,0,-1,0,0,0,10,0,-1,10,0,-1,10,-1,0,-1,10,10
259,Eclipse,github.com/eclipse/titan.ProtocolModules.DHCPv6,4.4,10,0,0,0,1,0,10,0,0,10,0,-1,10,0,0,-1,10,10
260,Eclipse,github.com/eclipse/titan.ProtocolModules.MIME,4.4,10,0,-1,0,0,0,10,0,0,10,0,-1,10,0,0,-1,10,10
261,Eclipse,github.com/eclipse/xtext-lib,6.8,9,3,8,0,6,10,10,0,0,10,10,-1,10,0,10,-1,10,10
262,Eclipse,github.com/eclipse/titan.TestPorts.LDAPasp_RFC4511-,4.4,10,0,-1,0,0,0,10,0,0,10,0,-1,10,0,0,-1,10,10
263,Eclipse,github.com/eclipse/codewind-eclipse,6.1,9,6,10,0,10,10,10,0,0,10,0,-1,10,0,0,-1,10,10
264,Eclipse,github.com/eclipse/lemminx-maven,3.7,0,0,9,0,2,10,10,0,0,10,5,-1,9,0,0,-1,0,10
265,Eclipse,github.com/eclipse/emf-validation,4.4,10,0,10,0,0,10,10,0,0,10,5,-1,9,0,0,-1,0,10
266,Eclipse,github.com/eclipse/californium.element-connector,4.4,10,0,-1,0,0,10,10,0,0,0,0,-1,10,0,0,-1,10,10
267,Eclipse,github.com/eclipse/ceylon-web-ide-backend,4.4,9,0,-1,0,0,0,10,0,0,10,0,-1,10,0,0,-1,10,10
268,Eclipse,github.com/eclipse/cft,3.8,0,0,0,0,0,10,10,0,0,10,0,-1,10,0,0,-1,10,10
269,Eclipse,github.com/eclipse/corrosion,5.9,9,0,9,0,2,10,10,10,0,10,6,-1,9,0,10,-1,0,10
270,Eclipse,github.com/eclipse/californium.actinium,5.4,10,0,0,0,8,10,10,0,0,10,2,-1,10,0,0,-1,10,10
271,Eclipse,github.com/eclipse/eclemma,4.6,10,0,5,0,1,10,10,0,0,10,2,-1,10,0,0,0,10,10
272,Eclipse,github.com/eclipse/ceylon-ide-common,4.3,8,0,-1,0,0,0,10,0,0,10,0,-1,10,0,0,-1,10,10
273,Eclipse,github.com/eclipse/codewind-java-profiler,5.7,10,6,0,0,10,10,10,0,0,10,0,-1,7,0,0,-1,10,10
274,Eclipse,github.com/eclipse/emf-query,4.8,10,0,0,0,0,10,10,0,0,10,3,-1,10,0,0,-1,10,10
275,Eclipse,github.com/eclipse/ConfigJSR,5.1,10,0,0,0,6,10,10,0,0,10,0,-1,10,0,0,-1,10,10
276,Eclipse,github.com/eclipse/texlipse,4.7,9,0,6,0,2,6,10,0,0,10,0,-1,10,0,0,-1,10,10
277,Eclipse,github.com/eclipse/iottestware.dashboard,4.0,10,0,-1,0,0,0,10,0,0,10,0,-1,2,0,0,-1,10,10
278,Eclipse,github.com/eclipse/imagen,4.7,10,0,-1,0,0,10,10,0,0,10,0,-1,10,0,0,-1,10,10
279,Eclipse,github.com/eclipse/org.eclipse.riena.3xtargets,3.4,0,0,-1,0,0,3,10,0,0,0,0,-1,10,0,0,-1,10,10
280,Eclipse,github.com/eclipse/ceylon.tool.converter.java2ceylon,4.9,9,0,-1,0,0,0,10,0,-1,10,0,-1,10,-1,0,-1,10,10
281,Eclipse,github.com/eclipse/mosaic,4.9,8,0,10,0,9,10,10,0,0,10,10,-1,7,0,0,0,0,10
282,Eclipse,github.com/eclipse/rdf4j,5.9,10,3,10,0,6,10,10,0,0,10,10,-1,5,0,10,-1,0,10
283,Eclipse,github.com/eclipse/eavp,4.6,10,0,0,0,0,10,10,0,0,10,0,-1,10,0,0,-1,10,10
284,Eclipse,github.com/eclipse/ajdt,4.1,0,0,10,0,3,10,10,10,0,10,0,-1,7,0,0,-1,0,10
285,Eclipse,github.com/eclipse/tahu,5.5,9,0,0,0,6,0,10,0,0,10,10,-1,10,0,0,-1,10,10
286,Eclipse,github.com/eclipse/antenna.website,5.1,10,0,0,0,8,3,10,0,0,10,0,-1,10,0,0,-1,10,10
287,Eclipse,github.com/eclipse/codewind-vscode,5.9,10,6,9,0,10,10,10,0,0,10,0,-1,5,0,0,-1,10,10
288,Eclipse,github.com/eclipse/.github,5.3,10,0,0,0,5,0,10,0,10,10,0,-1,10,0,0,-1,10,10
289,Eclipse,github.com/eclipse/che-theia-task-plugin,5.3,10,0,0,0,9,10,10,0,0,10,0,-1,10,0,0,-1,10,10
290,Eclipse,github.com/eclipse/titan.ProtocolModules.SMPP,4.5,10,0,0,0,2,0,10,0,0,10,0,-1,10,0,0,-1,10,10
291,Eclipse,github.com/eclipse/org.eclipse.scout.docs,4.1,10,0,0,0,0,0,10,0,0,0,0,-1,10,0,0,-1,10,10
292,Eclipse,github.com/eclipse/che-theia-java-plugin,5.0,10,0,7,0,8,3,10,0,0,0,0,-1,10,0,0,-1,10,10
293,Eclipse,github.com/eclipse/titan.EclipsePlug-ins,4.8,10,0,0,0,2,10,10,0,0,10,0,-1,10,0,0,-1,10,10
294,Eclipse,github.com/eclipse/org.eclipse.rcptt,4.6,10,0,-1,0,0,10,10,0,0,10,0,-1,7,0,0,-1,10,10
295,Eclipse,github.com/eclipse/ebr,4.3,10,0,7,0,5,10,10,0,0,10,1,-1,7,0,0,-1,0,10
296,Eclipse,github.com/eclipse/ditto-clients-golang,4.5,10,0,10,0,9,3,10,0,0,10,0,-1,9,0,0,-1,0,10
297,Eclipse,github.com/eclipse/titan.ProtocolModules.IPsec,4.4,10,0,-1,0,0,0,10,0,0,10,0,-1,10,0,0,-1,10,10
298,Eclipse,github.com/eclipse/paho.mqtt.golang,5.8,10,0,0,0,5,10,10,0,0,10,8,-1,7,7,0,-1,9,10
299,Eclipse,github.com/eclipse/sumo,5.8,10,3,10,0,1,10,10,0,0,10,10,-1,7,0,0,-1,10,10
300,Eclipse,github.com/eclipse/kuksa.cloud,5.1,10,0,3,0,7,10,10,0,0,10,0,-1,7,0,0,-1,10,10
301,Eclipse,github.com/eclipse/orion.client,4.9,10,0,0,0,6,10,10,0,0,10,0,-1,7,0,0,-1,10,10
302,Eclipse,github.com/eclipse/titan.TestPorts.UNIX_DOMAIN_SOCKETasp,4.4,10,0,0,0,1,0,10,0,0,10,0,-1,10,0,0,-1,10,10
303,Eclipse,github.com/eclipse/titan.TestPorts.SIPmsg,5.1,10,0,-1,0,0,3,10,0,-1,10,0,-1,10,-1,0,-1,10,10
304,Eclipse,github.com/eclipse/gemoc-studio-execution-moccml,4.8,8,0,0,0,4,10,10,0,0,10,1,-1,10,0,0,-1,10,10
305,Eclipse,github.com/eclipse/titan.TestPorts.SCTPasp,4.4,10,0,0,0,1,0,10,0,0,10,0,-1,10,0,0,-1,10,10
306,Eclipse,github.com/eclipse/lyo.testsuite,3.9,10,0,5,0,0,10,10,0,0,10,0,-1,9,0,0,-1,0,10
307,Eclipse,github.com/eclipse/keyple-service-cpp-lib,4.7,10,0,0,0,1,0,10,0,0,10,4,-1,10,0,0,-1,10,10
308,Eclipse,github.com/eclipse/keyple-card-generic-cpp-lib,4.4,10,0,-1,0,0,0,10,0,0,10,0,-1,10,0,0,-1,10,10
309,Eclipse,github.com/eclipse/windowbuilder,4.0,0,0,8,0,2,10,10,0,0,10,10,-1,7,0,0,-1,0,10
310,Eclipse,github.com/eclipse/ceylon.formatter,4.4,10,0,-1,0,0,10,10,0,0,10,0,-1,10,0,0,0,10,10
311,Eclipse,github.com/eclipse/ceylon,3.8,0,0,0,0,0,10,10,0,0,10,0,-1,10,0,0,-1,10,10
312,Eclipse,github.com/eclipse/iottestware.opcua,4.5,10,0,-1,0,0,3,10,0,0,10,0,-1,10,0,0,-1,10,10
313,Eclipse,github.com/eclipse/codewind-odo-extension,5.2,10,2,9,0,8,10,10,0,0,10,0,-1,10,0,0,0,10,10
314,Eclipse,github.com/eclipse/kuksa.invehicle,4.6,10,0,0,0,2,10,10,0,0,10,0,-1,7,0,0,-1,10,10
315,Eclipse,github.com/eclipse/xtext-xtend,6.1,0,3,10,0,6,10,10,0,0,10,10,-1,10,0,10,-1,10,10
316,Eclipse,github.com/eclipse/keyple-common-java-api,4.6,9,0,10,0,0,3,10,0,0,10,0,-1,10,0,0,-1,10,10
317,Eclipse,github.com/eclipse/keyple-plugin-pcsc-cpp-lib,4.6,10,0,-1,0,0,0,10,0,0,10,2,-1,10,0,0,-1,10,10
318,Eclipse,github.com/eclipse/keyple-distributed-local-java-api,4.6,9,0,10,0,0,3,10,0,0,10,0,-1,10,0,0,-1,10,10
319,Eclipse,github.com/eclipse/codewind-docs,5.3,10,6,9,0,10,10,10,0,0,10,0,-1,9,0,0,-1,0,10
320,Eclipse,github.com/eclipse/kiso-testing-python-uds,5.5,10,0,2,0,4,0,10,0,0,10,10,-1,10,0,0,-1,10,10
321,Eclipse,github.com/eclipse/codewind-che-plugin,5.6,10,6,7,0,10,10,10,0,0,10,0,-1,2,0,0,-1,10,10
322,Eclipse,github.com/eclipse/microprofile-sandbox,5.1,9,0,0,0,9,10,10,0,0,10,0,-1,7,0,0,-1,10,10
323,Eclipse,github.com/eclipse/org.eclipse.riena.plugins.archive,4.1,0,0,-1,0,0,0,10,0,-1,10,0,-1,10,-1,0,-1,10,10
324,Eclipse,github.com/eclipse/lsp4j,6.5,9,0,10,0,5,10,10,0,0,10,10,-1,10,0,10,-1,10,10
325,Eclipse,github.com/eclipse/org.eclipse.riena.setup,4.2,10,0,-1,0,0,0,10,0,0,0,0,-1,10,0,0,-1,10,10
326,Eclipse,github.com/eclipse/che-che4z-zos-resource-explorer,5.3,10,0,3,0,9,6,10,0,0,10,0,-1,10,0,0,-1,10,10
327,Eclipse,github.com/eclipse/sprotty-server,5.0,9,0,8,0,7,10,10,0,0,0,0,-1,10,0,0,-1,10,10
328,Eclipse,github.com/eclipse/xtext-web,6.8,9,3,9,0,6,10,10,0,0,10,10,-1,10,0,10,-1,10,10
329,Eclipse,github.com/eclipse/lyo.adapter-simulink,4.7,10,0,-1,0,0,10,10,0,0,10,0,-1,10,0,0,-1,10,10
330,Eclipse,github.com/eclipse/keyple-plugin-stub-java-lib,5.0,9,0,7,0,2,3,10,0,0,10,4,-1,10,0,0,-1,10,10
331,Eclipse,github.com/eclipse/ecf,3.2,1,0,0,0,2,10,10,0,0,10,0,-1,9,0,0,-1,0,10
332,Eclipse,github.com/eclipse/titan.TestPorts.HTTPmsg,4.8,10,0,-1,0,0,3,10,0,0,10,0,-1,10,-1,0,-1,10,10
333,Eclipse,github.com/eclipse/ceylon-sdk,4.6,5,3,0,0,2,10,10,0,0,10,0,-1,10,0,0,-1,10,10
334,Eclipse,github.com/eclipse/keyple-website,5.7,10,6,0,0,10,10,10,0,0,10,10,-1,7,0,0,-1,0,10
335,Eclipse,github.com/eclipse/paho.mqtt.javascript,4.3,10,0,10,0,1,10,10,0,0,0,0,-1,10,0,0,0,10,10
336,Eclipse,github.com/eclipse/keyple-service-resource-java-lib,4.8,9,0,7,0,2,3,10,0,0,10,2,-1,10,0,0,-1,10,10
337,Eclipse,github.com/eclipse/org.eclipse.sensinact.studio,4.3,7,0,-1,0,0,3,10,0,0,10,0,-1,10,0,0,-1,10,10
338,Eclipse,github.com/eclipse/microprofile-reactive-streams-operators,4.7,10,0,0,0,6,10,10,0,0,10,0,-1,10,0,0,0,10,10
339,Eclipse,github.com/eclipse/kuksa.val.feeders,4.8,10,0,6,0,2,6,10,0,0,10,10,10,5,0,0,-1,0,10
340,Eclipse,github.com/eclipse/org.eclipse.rap.incubator.e4.compatibility.workbench,4.2,10,0,-1,0,0,0,10,0,0,0,0,-1,10,0,0,-1,10,10
341,Eclipse,github.com/eclipse/gemoc-studio,4.8,4,0,0,0,7,10,10,0,0,10,7,-1,2,0,0,-1,10,10
342,Eclipse,github.com/eclipse/titan.ProtocolModules.DNS,4.5,10,0,-1,0,0,3,10,0,0,10,0,-1,10,0,0,-1,10,10
343,Eclipse,github.com/eclipse/openvsx,5.2,9,0,10,0,7,10,10,0,0,10,10,10,2,0,0,-1,0,10
344,Eclipse,github.com/eclipse/tiaki-c,4.4,10,0,-1,0,0,0,10,0,0,10,0,-1,10,0,0,-1,10,10
345,Eclipse,github.com/eclipse/ponte,4.6,10,0,0,0,0,10,10,0,0,10,0,-1,10,0,0,-1,10,10
346,Eclipse,github.com/eclipse/microprofile-samples,5.1,10,0,8,0,4,10,10,0,0,10,0,-1,10,0,0,-1,10,10
347,Eclipse,github.com/eclipse/mosquitto,5.1,10,0,0,2,2,10,10,0,0,10,6,-1,5,7,10,-1,0,10
348,Eclipse,github.com/eclipse/ocl,4.2,10,0,-1,0,0,3,10,0,0,0,0,-1,10,0,0,-1,10,10
349,Eclipse,github.com/eclipse/unide.python,4.4,10,0,-1,0,0,0,10,0,0,10,0,-1,10,0,0,-1,10,10
350,Eclipse,github.com/eclipse/che-che4z,4.8,10,0,0,0,9,6,10,0,0,10,0,-1,10,0,0,0,10,10
351,Eclipse,github.com/eclipse/eclipse.jdt.ls,5.3,0,3,9,0,8,10,10,0,0,10,10,-1,10,0,0,0,10,10
352,Eclipse,github.com/eclipse/che-che4z-explorer-for-endevor,5.0,10,0,10,0,10,6,10,0,0,10,10,-1,7,0,0,0,0,10
353,Eclipse,github.com/eclipse/gef,4.6,0,0,0,0,3,10,10,0,0,10,7,-1,10,0,0,-1,10,10
354,Eclipse,github.com/eclipse/microprofile-service-mesh-service-b,4.8,10,0,0,0,8,10,10,0,0,10,0,-1,2,0,0,-1,10,10
355,Eclipse,github.com/eclipse/che-theia-samples,5.0,10,0,4,0,9,10,10,0,0,10,0,-1,10,0,0,0,10,10
356,Eclipse,github.com/eclipse/titan.TestPorts.TELNETasp,4.6,10,0,0,0,0,0,10,0,-1,10,0,-1,10,0,0,-1,10,10
357,Eclipse,github.com/eclipse/titan.ProtocolModules.XMPP,4.4,10,0,-1,0,0,0,10,0,0,10,0,-1,10,0,0,-1,10,10
358,Eclipse,github.com/eclipse/mosquitto.rsmb,4.5,10,0,1,0,2,10,10,0,0,0,0,-1,10,0,0,-1,10,10
359,Eclipse,github.com/eclipse/xtext-idea,5.1,10,0,6,0,8,10,10,0,0,0,0,-1,10,0,0,-1,10,10
360,Eclipse,github.com/eclipse/titan.core,4.6,10,0,-1,0,0,10,10,0,0,10,0,-1,7,0,0,-1,10,10
361,Eclipse,github.com/eclipse/amlen,6.1,0,6,8,0,10,6,10,0,0,10,10,-1,2,0,10,-1,10,10
362,Eclipse,github.com/eclipse/codewind-operator,6.0,10,6,9,0,10,10,10,0,0,10,0,-1,7,0,0,-1,10,10
363,Eclipse,github.com/eclipse/iottestware.coap,4.5,9,0,-1,0,0,6,10,0,0,10,0,-1,10,0,0,-1,10,10
364,Eclipse,github.com/eclipse/gef-classic,5.1,0,3,9,0,5,10,10,0,0,10,10,-1,7,0,10,-1,0,10
365,Eclipse,github.com/eclipse/kitalpha-addons,5.7,10,6,8,0,5,3,10,0,0,10,0,-1,10,4,0,-1,10,10
366,Eclipse,github.com/eclipse/codewind-openapi-eclipse,5.8,9,6,9,0,10,6,10,0,0,10,0,-1,7,0,0,-1,10,10
367,Eclipse,github.com/eclipse/winery-topologymodeler,4.8,10,0,10,0,2,10,10,0,0,0,0,-1,10,0,0,-1,10,10
368,Eclipse,github.com/eclipse/lyo,5.3,10,0,10,0,0,10,10,0,0,10,3,-1,9,10,10,-1,0,10
369,Eclipse,github.com/eclipse/manifest,5.3,10,0,-1,0,0,10,10,0,-1,10,0,-1,10,-1,0,-1,10,10
370,Eclipse,github.com/eclipse/org.eclipse.riena.toolbox,4.6,10,0,-1,0,0,6,10,0,0,10,0,-1,10,0,0,-1,10,10
371,Eclipse,github.com/eclipse/jetty.alpn.api,4.3,10,0,0,0,0,10,10,0,0,0,0,-1,10,0,0,-1,10,10
372,Eclipse,github.com/eclipse/capella-filtering,7.5,10,6,10,0,10,10,10,0,0,10,10,-1,10,9,0,-1,10,10
373,Eclipse,github.com/eclipse/packages,6.0,10,0,9,0,10,10,10,0,0,10,10,-1,7,0,10,-1,0,10
374,Eclipse,github.com/eclipse/org.eclipse.sensinact.gateway,5.1,4,0,0,0,2,10,10,0,0,10,10,-1,10,0,0,-1,10,10
375,Eclipse,github.com/eclipse/packager,5.0,8,0,6,0,7,10,10,0,0,10,10,-1,7,0,0,-1,0,10
376,Eclipse,github.com/eclipse/agileuml,4.0,0,0,0,0,0,0,10,0,0,10,10,-1,10,0,0,0,10,10
377,Eclipse,github.com/eclipse/microprofile-opentracing,4.6,10,0,0,0,5,10,10,0,0,10,0,-1,10,0,0,0,10,10
378,Eclipse,github.com/eclipse/org.eclipse.riena.rap,4.6,10,0,-1,0,0,6,10,0,0,10,0,-1,10,0,0,-1,10,10
379,Eclipse,github.com/eclipse/paho.mqtt.rust,4.3,10,0,0,0,0,10,10,0,0,0,0,-1,10,0,0,-1,10,10
380,Eclipse,github.com/eclipse/microprofile-marketing,5.0,10,0,0,0,0,3,10,0,0,10,7,-1,10,0,0,-1,10,10
381,Eclipse,github.com/eclipse/adore,5.0,10,0,0,0,1,3,10,0,0,10,8,-1,7,0,0,-1,10,10
382,Eclipse,github.com/eclipse/ditto-clients,5.3,10,0,10,0,7,10,10,0,0,10,10,-1,7,0,0,-1,0,10
383,Eclipse,github.com/eclipse/jetty.parent,4.4,10,0,-1,0,0,10,10,0,0,0,0,-1,10,0,0,-1,10,10
384,Eclipse,github.com/eclipse/tractusx,4.0,6,0,10,0,7,10,10,0,0,10,0,-1,5,0,0,-1,0,10
385,Eclipse,github.com/eclipse/keyple-distributed-network-java-lib,4.6,9,0,10,0,0,3,10,0,0,10,0,-1,10,0,0,-1,10,10
386,Eclipse,github.com/eclipse/kuksa.hardware,5.2,10,0,0,0,5,10,10,0,0,10,2,-1,10,0,0,-1,10,10
387,Eclipse,github.com/eclipse/mwe,6.2,9,0,10,0,6,10,10,0,0,10,5,-1,10,0,10,-1,10,10
388,Eclipse,github.com/eclipse/lyo.adapter-magicdraw,4.2,10,0,-1,0,0,0,10,0,0,0,0,-1,10,0,0,-1,10,10
389,Eclipse,github.com/eclipse/dirigible,6.5,9,0,10,5,3,10,10,10,0,10,10,10,5,10,10,0,0,10
390,Eclipse,github.com/eclipse/titan.ProtocolModules.JSON_v07_2006,5.0,10,0,-1,0,0,0,10,0,-1,10,0,-1,10,-1,0,-1,10,10
391,Eclipse,github.com/eclipse/titan.ProtocolModules.H248_v2,4.7,10,0,-1,0,0,0,10,0,0,10,0,-1,10,-1,0,-1,10,10
392,Eclipse,github.com/eclipse/capella-xmlpivot,5.0,10,6,-1,0,0,3,10,0,0,10,0,-1,10,0,0,-1,10,10
393,Eclipse,github.com/eclipse/titan.ProtocolModules.TCP,5.0,10,0,-1,0,0,0,10,0,-1,10,0,-1,10,-1,0,-1,10,10
394,Eclipse,github.com/eclipse/leshan,6.0,10,0,10,0,0,10,10,0,0,10,10,-1,7,0,10,-1,9,10
395,Eclipse,github.com/eclipse/kuksa.ide,4.3,10,0,0,0,1,3,10,0,0,10,0,-1,7,0,0,-1,10,10
396,Eclipse,github.com/eclipse/gemoc-studio-commons,4.7,6,0,-1,0,0,6,10,0,0,10,5,-1,10,0,0,-1,10,10
397,Eclipse,github.com/eclipse/californium.tools,5.4,10,0,0,0,3,10,10,0,0,10,7,-1,10,0,0,-1,10,10
398,Eclipse,github.com/eclipse/che,5.8,10,6,0,0,10,10,10,0,0,10,10,10,5,0,0,-1,0,10
399,Eclipse,github.com/eclipse/che-theia-github-plugin,5.5,10,6,0,0,8,0,10,0,0,10,0,-1,10,0,0,-1,10,10
400,Eclipse,github.com/eclipse/titan.ProtocolModules.FrameRelay-,5.0,10,0,-1,0,0,0,10,0,-1,10,0,-1,10,-1,0,-1,10,10
401,Eclipse,github.com/eclipse/gemoc-studio-modeldebugging,5.0,6,0,0,0,6,10,10,0,0,10,3,-1,10,0,0,-1,10,10
402,Eclipse,github.com/eclipse/titan.TestPorts.PIPEasp,4.5,10,0,-1,0,0,3,10,0,0,10,0,-1,10,0,0,-1,10,10
403,Eclipse,github.com/eclipse/capella-vpms,4.4,10,0,-1,0,0,0,10,0,0,10,0,-1,10,0,0,-1,10,10
404,Eclipse,github.com/eclipse/eclipsefuro-web,5.4,10,0,0,0,1,6,10,0,0,10,10,-1,10,0,0,-1,10,10
405,Eclipse,github.com/eclipse/milo,6.8,10,3,10,0,5,10,10,0,0,10,9,-1,10,0,10,-1,10,10
406,Eclipse,github.com/eclipse/capella-pipeline-library,5.5,10,6,0,0,8,10,10,0,0,0,0,-1,10,0,0,-1,10,10
407,Eclipse,github.com/eclipse/xtext-extras,6.6,4,3,8,0,8,10,10,0,0,10,10,-1,10,0,10,-1,10,10
408,Eclipse,github.com/eclipse/keyple-cpp,5.9,10,6,1,0,10,6,10,0,0,10,1,-1,10,0,0,-1,10,10
409,Eclipse,github.com/eclipse/org.eclipse.sensinact.studioweb,4.2,10,0,-1,0,0,0,10,0,0,0,0,-1,10,0,0,-1,10,10
410,Eclipse,github.com/eclipse/keyple-distributed-remote-java-lib,4.6,9,0,10,0,0,3,10,0,0,10,0,-1,10,0,0,-1,10,10
411,Eclipse,github.com/eclipse/deeplearning4j-docs,2.6,-1,0,0,0,4,3,-1,-1,-1,-1,0,-1,-1,0,-1,-1,-1,10
412,Eclipse,github.com/eclipse/birt,4.4,0,0,9,0,7,10,10,0,0,10,3,-1,7,0,10,-1,0,10
413,Eclipse,github.com/eclipse/sw360,4.9,10,0,8,0,8,10,10,0,0,10,10,-1,0,0,0,-1,0,10
414,Eclipse,github.com/eclipse/capella-xhtml-docgen,7.4,10,6,9,0,10,10,10,0,0,10,10,-1,10,9,0,-1,10,10
415,Eclipse,github.com/eclipse/gemoc-studio-execution-ale,5.2,10,0,0,0,7,6,10,0,0,10,2,-1,10,0,0,-1,10,10
416,Eclipse,github.com/eclipse/paho.golang,4.8,10,0,0,0,3,10,10,0,0,10,1,-1,7,0,0,-1,10,10
417,Eclipse,github.com/eclipse/keyple-cpp-example,4.6,10,0,-1,0,0,0,10,0,0,10,2,-1,10,0,0,-1,10,10
418,Eclipse,github.com/eclipse/winery,5.0,10,0,10,0,7,10,10,0,0,10,8,10,0,0,0,-1,0,10
419,Eclipse,github.com/eclipse/ceylon-ide-intellij,4.4,10,0,-1,0,0,0,10,0,0,10,0,-1,10,0,0,-1,10,10
420,Eclipse,github.com/eclipse/smartmdsd,3.4,0,0,-1,0,0,3,10,0,0,10,0,-1,10,0,0,0,10,10
421,Eclipse,github.com/eclipse/jetty.toolchain,6.4,10,0,10,0,9,10,10,10,0,10,10,-1,9,0,0,-1,0,10
422,Eclipse,github.com/eclipse/theia-yeoman-plugin,4.6,10,0,7,0,6,0,10,0,0,10,0,-1,10,0,0,0,10,10
423,Eclipse,github.com/eclipse/jkube,6.7,0,3,10,0,10,10,10,10,0,10,10,-1,7,8,10,-1,0,10
424,Eclipse,github.com/eclipse/gemoc-studio-execution-java,5.2,10,0,0,0,6,10,10,0,0,10,1,-1,10,0,0,-1,10,10
425,Eclipse,github.com/eclipse/org.eclipse.emf.diffmerge.coevolution,5.8,10,0,10,0,1,10,10,0,-1,10,3,-1,10,-1,0,-1,10,10
426,Eclipse,github.com/eclipse/paho.mqtt-sn.embedded-c,5.1,10,0,-1,0,2,6,10,0,-1,0,0,-1,10,-1,0,-1,10,10
427,Eclipse,github.com/eclipse/titan.ProtocolModules.JSON_Web_Signature,4.4,10,0,-1,0,0,0,10,0,0,10,0,-1,10,0,0,-1,10,10
428,Eclipse,github.com/eclipse/microprofile-starter,4.7,10,0,10,0,9,10,10,0,0,10,2,-1,5,0,0,-1,0,10
429,Eclipse,github.com/eclipse/titan.ProtocolModules.DHCP,4.4,10,0,0,0,1,0,10,0,0,10,0,-1,10,0,0,-1,10,10
430,Eclipse,github.com/eclipse/tycho,4.9,0,0,10,0,2,10,10,10,0,10,10,-1,7,0,0,-1,0,10
431,Eclipse,github.com/eclipse/kuksa.val,5.0,10,0,10,0,7,10,10,0,0,10,10,10,5,0,0,0,0,10
432,Eclipse,github.com/eclipse/golo-lang,4.0,9,0,10,0,7,10,10,0,0,10,0,-1,5,0,0,0,0,10
433,Eclipse,github.com/eclipse/titan.TestPorts.SUNRPCasp-,4.4,10,0,-1,0,0,0,10,0,0,10,0,-1,10,0,0,-1,10,10
434,Eclipse,github.com/eclipse/openmcx,3.7,10,0,10,0,0,3,10,0,0,10,0,-1,7,0,0,-1,0,10
435,Eclipse,github.com/eclipse/sumo.website,5.6,10,0,-1,0,0,10,10,0,0,10,10,-1,10,0,0,-1,10,10
436,Eclipse,github.com/eclipse/titan.ProtocolModules.ICAP,4.4,10,0,-1,0,0,0,10,0,0,10,0,-1,10,0,0,-1,10,10
437,Eclipse,github.com/eclipse/hawkbit,5.6,10,0,10,0,10,10,10,0,0,10,5,-1,7,0,10,-1,0,10